dataset,column,inferred_type,non_null_count,distinct_count,description
access_cache.csv,user_id,string,2,2,Synthetic field `user_id` in access_cache.csv; interpret using case context and authority controls.
access_cache.csv,cached_status,string,2,1,Synthetic field `cached_status` in access_cache.csv; interpret using case context and authority controls.
access_cache.csv,cached_at,datetime_or_date,2,2,Synthetic field `cached_at` in access_cache.csv; interpret using case context and authority controls.
access_cache.csv,ttl_minutes,number,2,2,Synthetic field `ttl_minutes` in access_cache.csv; interpret using case context and authority controls.
access_cache.csv,gateway,string,2,1,Synthetic field `gateway` in access_cache.csv; interpret using case context and authority controls.
access_policies.csv,record_id,string,5,5,Synthetic field `record_id` in access_policies.csv; interpret using case context and authority controls.
access_policies.csv,entity_id,string,5,4,Synthetic field `entity_id` in access_policies.csv; interpret using case context and authority controls.
access_policies.csv,event_time,datetime_or_date,5,5,Synthetic field `event_time` in access_policies.csv; interpret using case context and authority controls.
access_policies.csv,status,string,5,5,Synthetic field `status` in access_policies.csv; interpret using case context and authority controls.
access_policies.csv,value,string,5,5,Synthetic field `value` in access_policies.csv; interpret using case context and authority controls.
access_policies.csv,source_system,string,5,5,Synthetic field `source_system` in access_policies.csv; interpret using case context and authority controls.
access_policies.csv,jurisdiction,string,5,5,Synthetic field `jurisdiction` in access_policies.csv; interpret using case context and authority controls.
access_policies.csv,notes,string,5,5,Synthetic field `notes` in access_policies.csv; interpret using case context and authority controls.
acord_messages.csv,record_id,string,5,5,Synthetic field `record_id` in acord_messages.csv; interpret using case context and authority controls.
acord_messages.csv,entity_id,string,5,4,Synthetic field `entity_id` in acord_messages.csv; interpret using case context and authority controls.
acord_messages.csv,event_time,datetime_or_date,5,5,Synthetic field `event_time` in acord_messages.csv; interpret using case context and authority controls.
acord_messages.csv,status,string,5,5,Synthetic field `status` in acord_messages.csv; interpret using case context and authority controls.
acord_messages.csv,value,string,5,5,Synthetic field `value` in acord_messages.csv; interpret using case context and authority controls.
acord_messages.csv,source_system,string,5,5,Synthetic field `source_system` in acord_messages.csv; interpret using case context and authority controls.
acord_messages.csv,jurisdiction,string,5,5,Synthetic field `jurisdiction` in acord_messages.csv; interpret using case context and authority controls.
acord_messages.csv,notes,string,5,5,Synthetic field `notes` in acord_messages.csv; interpret using case context and authority controls.
addresses.csv,record_id,string,5,5,Synthetic field `record_id` in addresses.csv; interpret using case context and authority controls.
addresses.csv,entity_id,string,5,4,Synthetic field `entity_id` in addresses.csv; interpret using case context and authority controls.
addresses.csv,event_time,datetime_or_date,5,5,Synthetic field `event_time` in addresses.csv; interpret using case context and authority controls.
addresses.csv,status,string,5,5,Synthetic field `status` in addresses.csv; interpret using case context and authority controls.
addresses.csv,value,string,5,5,Synthetic field `value` in addresses.csv; interpret using case context and authority controls.
addresses.csv,source_system,string,5,5,Synthetic field `source_system` in addresses.csv; interpret using case context and authority controls.
addresses.csv,jurisdiction,string,5,5,Synthetic field `jurisdiction` in addresses.csv; interpret using case context and authority controls.
addresses.csv,notes,string,5,5,Synthetic field `notes` in addresses.csv; interpret using case context and authority controls.
adjusters.csv,record_id,string,4,4,Synthetic field `record_id` in adjusters.csv; interpret using case context and authority controls.
adjusters.csv,entity_id,string,4,4,Synthetic field `entity_id` in adjusters.csv; interpret using case context and authority controls.
adjusters.csv,event_time,datetime_or_date,4,4,Synthetic field `event_time` in adjusters.csv; interpret using case context and authority controls.
adjusters.csv,status,string,4,4,Synthetic field `status` in adjusters.csv; interpret using case context and authority controls.
adjusters.csv,value,string,4,4,Synthetic field `value` in adjusters.csv; interpret using case context and authority controls.
adjusters.csv,source_system,string,4,4,Synthetic field `source_system` in adjusters.csv; interpret using case context and authority controls.
adjusters.csv,jurisdiction,string,4,4,Synthetic field `jurisdiction` in adjusters.csv; interpret using case context and authority controls.
adjusters.csv,notes,string,4,4,Synthetic field `notes` in adjusters.csv; interpret using case context and authority controls.
agent_runs.csv,record_id,string,5,5,Synthetic field `record_id` in agent_runs.csv; interpret using case context and authority controls.
agent_runs.csv,entity_id,string,5,4,Synthetic field `entity_id` in agent_runs.csv; interpret using case context and authority controls.
agent_runs.csv,event_time,datetime_or_date,5,5,Synthetic field `event_time` in agent_runs.csv; interpret using case context and authority controls.
agent_runs.csv,status,string,5,5,Synthetic field `status` in agent_runs.csv; interpret using case context and authority controls.
agent_runs.csv,value,string,5,5,Synthetic field `value` in agent_runs.csv; interpret using case context and authority controls.
agent_runs.csv,source_system,string,5,5,Synthetic field `source_system` in agent_runs.csv; interpret using case context and authority controls.
agent_runs.csv,jurisdiction,string,5,5,Synthetic field `jurisdiction` in agent_runs.csv; interpret using case context and authority controls.
agent_runs.csv,notes,string,5,5,Synthetic field `notes` in agent_runs.csv; interpret using case context and authority controls.
agriculture_locations.csv,record_id,string,4,4,Synthetic field `record_id` in agriculture_locations.csv; interpret using case context and authority controls.
agriculture_locations.csv,entity_id,string,4,4,Synthetic field `entity_id` in agriculture_locations.csv; interpret using case context and authority controls.
agriculture_locations.csv,event_time,datetime_or_date,4,4,Synthetic field `event_time` in agriculture_locations.csv; interpret using case context and authority controls.
agriculture_locations.csv,status,string,4,4,Synthetic field `status` in agriculture_locations.csv; interpret using case context and authority controls.
agriculture_locations.csv,value,string,4,4,Synthetic field `value` in agriculture_locations.csv; interpret using case context and authority controls.
agriculture_locations.csv,source_system,string,4,4,Synthetic field `source_system` in agriculture_locations.csv; interpret using case context and authority controls.
agriculture_locations.csv,jurisdiction,string,4,4,Synthetic field `jurisdiction` in agriculture_locations.csv; interpret using case context and authority controls.
agriculture_locations.csv,notes,string,4,4,Synthetic field `notes` in agriculture_locations.csv; interpret using case context and authority controls.
ai_use_boundaries.csv,record_id,string,5,5,Synthetic field `record_id` in ai_use_boundaries.csv; interpret using case context and authority controls.
ai_use_boundaries.csv,entity_id,string,5,4,Synthetic field `entity_id` in ai_use_boundaries.csv; interpret using case context and authority controls.
ai_use_boundaries.csv,event_time,datetime_or_date,5,5,Synthetic field `event_time` in ai_use_boundaries.csv; interpret using case context and authority controls.
ai_use_boundaries.csv,status,string,5,5,Synthetic field `status` in ai_use_boundaries.csv; interpret using case context and authority controls.
ai_use_boundaries.csv,value,string,5,5,Synthetic field `value` in ai_use_boundaries.csv; interpret using case context and authority controls.
ai_use_boundaries.csv,source_system,string,5,5,Synthetic field `source_system` in ai_use_boundaries.csv; interpret using case context and authority controls.
ai_use_boundaries.csv,jurisdiction,string,5,5,Synthetic field `jurisdiction` in ai_use_boundaries.csv; interpret using case context and authority controls.
ai_use_boundaries.csv,notes,string,5,5,Synthetic field `notes` in ai_use_boundaries.csv; interpret using case context and authority controls.
appeals.csv,record_id,string,4,4,Synthetic field `record_id` in appeals.csv; interpret using case context and authority controls.
appeals.csv,entity_id,string,4,4,Synthetic field `entity_id` in appeals.csv; interpret using case context and authority controls.
appeals.csv,event_time,datetime_or_date,4,4,Synthetic field `event_time` in appeals.csv; interpret using case context and authority controls.
appeals.csv,status,string,4,4,Synthetic field `status` in appeals.csv; interpret using case context and authority controls.
appeals.csv,value,string,4,4,Synthetic field `value` in appeals.csv; interpret using case context and authority controls.
appeals.csv,source_system,string,4,4,Synthetic field `source_system` in appeals.csv; interpret using case context and authority controls.
appeals.csv,jurisdiction,string,4,4,Synthetic field `jurisdiction` in appeals.csv; interpret using case context and authority controls.
appeals.csv,notes,string,4,4,Synthetic field `notes` in appeals.csv; interpret using case context and authority controls.
audit_events.csv,record_id,string,6,6,Synthetic field `record_id` in audit_events.csv; interpret using case context and authority controls.
audit_events.csv,entity_id,string,6,4,Synthetic field `entity_id` in audit_events.csv; interpret using case context and authority controls.
audit_events.csv,event_time,datetime_or_date,6,5,Synthetic field `event_time` in audit_events.csv; interpret using case context and authority controls.
audit_events.csv,status,string,6,5,Synthetic field `status` in audit_events.csv; interpret using case context and authority controls.
audit_events.csv,value,string,6,6,Synthetic field `value` in audit_events.csv; interpret using case context and authority controls.
audit_events.csv,source_system,string,6,5,Synthetic field `source_system` in audit_events.csv; interpret using case context and authority controls.
audit_events.csv,jurisdiction,string,6,5,Synthetic field `jurisdiction` in audit_events.csv; interpret using case context and authority controls.
audit_events.csv,notes,string,6,6,Synthetic field `notes` in audit_events.csv; interpret using case context and authority controls.
backup_inventory.csv,record_id,string,5,5,Synthetic field `record_id` in backup_inventory.csv; interpret using case context and authority controls.
backup_inventory.csv,entity_id,string,5,4,Synthetic field `entity_id` in backup_inventory.csv; interpret using case context and authority controls.
backup_inventory.csv,event_time,datetime_or_date,5,5,Synthetic field `event_time` in backup_inventory.csv; interpret using case context and authority controls.
backup_inventory.csv,status,string,5,5,Synthetic field `status` in backup_inventory.csv; interpret using case context and authority controls.
backup_inventory.csv,value,string,5,5,Synthetic field `value` in backup_inventory.csv; interpret using case context and authority controls.
backup_inventory.csv,source_system,string,5,5,Synthetic field `source_system` in backup_inventory.csv; interpret using case context and authority controls.
backup_inventory.csv,jurisdiction,string,5,5,Synthetic field `jurisdiction` in backup_inventory.csv; interpret using case context and authority controls.
backup_inventory.csv,notes,string,5,5,Synthetic field `notes` in backup_inventory.csv; interpret using case context and authority controls.
beneficiaries.csv,record_id,string,4,4,Synthetic field `record_id` in beneficiaries.csv; interpret using case context and authority controls.
beneficiaries.csv,entity_id,string,4,4,Synthetic field `entity_id` in beneficiaries.csv; interpret using case context and authority controls.
beneficiaries.csv,event_time,datetime_or_date,4,4,Synthetic field `event_time` in beneficiaries.csv; interpret using case context and authority controls.
beneficiaries.csv,status,string,4,4,Synthetic field `status` in beneficiaries.csv; interpret using case context and authority controls.
beneficiaries.csv,value,string,4,4,Synthetic field `value` in beneficiaries.csv; interpret using case context and authority controls.
beneficiaries.csv,source_system,string,4,4,Synthetic field `source_system` in beneficiaries.csv; interpret using case context and authority controls.
beneficiaries.csv,jurisdiction,string,4,4,Synthetic field `jurisdiction` in beneficiaries.csv; interpret using case context and authority controls.
beneficiaries.csv,notes,string,4,4,Synthetic field `notes` in beneficiaries.csv; interpret using case context and authority controls.
billing_events.csv,record_id,string,5,5,Synthetic field `record_id` in billing_events.csv; interpret using case context and authority controls.
billing_events.csv,entity_id,string,5,4,Synthetic field `entity_id` in billing_events.csv; interpret using case context and authority controls.
billing_events.csv,event_time,datetime_or_date,5,5,Synthetic field `event_time` in billing_events.csv; interpret using case context and authority controls.
billing_events.csv,status,string,5,5,Synthetic field `status` in billing_events.csv; interpret using case context and authority controls.
billing_events.csv,value,string,5,5,Synthetic field `value` in billing_events.csv; interpret using case context and authority controls.
billing_events.csv,source_system,string,5,5,Synthetic field `source_system` in billing_events.csv; interpret using case context and authority controls.
billing_events.csv,jurisdiction,string,5,5,Synthetic field `jurisdiction` in billing_events.csv; interpret using case context and authority controls.
billing_events.csv,notes,string,5,5,Synthetic field `notes` in billing_events.csv; interpret using case context and authority controls.
binder_events.csv,record_id,string,5,5,Synthetic field `record_id` in binder_events.csv; interpret using case context and authority controls.
binder_events.csv,entity_id,string,5,4,Synthetic field `entity_id` in binder_events.csv; interpret using case context and authority controls.
binder_events.csv,event_time,datetime_or_date,5,5,Synthetic field `event_time` in binder_events.csv; interpret using case context and authority controls.
binder_events.csv,status,string,5,5,Synthetic field `status` in binder_events.csv; interpret using case context and authority controls.
binder_events.csv,value,string,5,5,Synthetic field `value` in binder_events.csv; interpret using case context and authority controls.
binder_events.csv,source_system,string,5,5,Synthetic field `source_system` in binder_events.csv; interpret using case context and authority controls.
binder_events.csv,jurisdiction,string,5,5,Synthetic field `jurisdiction` in binder_events.csv; interpret using case context and authority controls.
binder_events.csv,notes,string,5,5,Synthetic field `notes` in binder_events.csv; interpret using case context and authority controls.
board_requests.csv,record_id,string,5,5,Synthetic field `record_id` in board_requests.csv; interpret using case context and authority controls.
board_requests.csv,entity_id,string,5,4,Synthetic field `entity_id` in board_requests.csv; interpret using case context and authority controls.
board_requests.csv,event_time,datetime_or_date,5,5,Synthetic field `event_time` in board_requests.csv; interpret using case context and authority controls.
board_requests.csv,status,string,5,5,Synthetic field `status` in board_requests.csv; interpret using case context and authority controls.
board_requests.csv,value,string,5,5,Synthetic field `value` in board_requests.csv; interpret using case context and authority controls.
board_requests.csv,source_system,string,5,5,Synthetic field `source_system` in board_requests.csv; interpret using case context and authority controls.
board_requests.csv,jurisdiction,string,5,5,Synthetic field `jurisdiction` in board_requests.csv; interpret using case context and authority controls.
board_requests.csv,notes,string,5,5,Synthetic field `notes` in board_requests.csv; interpret using case context and authority controls.
bordereaux.csv,record_id,string,5,5,Synthetic field `record_id` in bordereaux.csv; interpret using case context and authority controls.
bordereaux.csv,entity_id,string,5,4,Synthetic field `entity_id` in bordereaux.csv; interpret using case context and authority controls.
bordereaux.csv,event_time,datetime_or_date,5,5,Synthetic field `event_time` in bordereaux.csv; interpret using case context and authority controls.
bordereaux.csv,status,string,5,5,Synthetic field `status` in bordereaux.csv; interpret using case context and authority controls.
bordereaux.csv,value,string,5,5,Synthetic field `value` in bordereaux.csv; interpret using case context and authority controls.
bordereaux.csv,source_system,string,5,5,Synthetic field `source_system` in bordereaux.csv; interpret using case context and authority controls.
bordereaux.csv,jurisdiction,string,5,5,Synthetic field `jurisdiction` in bordereaux.csv; interpret using case context and authority controls.
bordereaux.csv,notes,string,5,5,Synthetic field `notes` in bordereaux.csv; interpret using case context and authority controls.
broker_commissions.csv,record_id,string,5,5,Synthetic field `record_id` in broker_commissions.csv; interpret using case context and authority controls.
broker_commissions.csv,entity_id,string,5,4,Synthetic field `entity_id` in broker_commissions.csv; interpret using case context and authority controls.
broker_commissions.csv,event_time,datetime_or_date,5,5,Synthetic field `event_time` in broker_commissions.csv; interpret using case context and authority controls.
broker_commissions.csv,status,string,5,5,Synthetic field `status` in broker_commissions.csv; interpret using case context and authority controls.
broker_commissions.csv,value,string,5,5,Synthetic field `value` in broker_commissions.csv; interpret using case context and authority controls.
broker_commissions.csv,source_system,string,5,5,Synthetic field `source_system` in broker_commissions.csv; interpret using case context and authority controls.
broker_commissions.csv,jurisdiction,string,5,5,Synthetic field `jurisdiction` in broker_commissions.csv; interpret using case context and authority controls.
broker_commissions.csv,notes,string,5,5,Synthetic field `notes` in broker_commissions.csv; interpret using case context and authority controls.
broker_correspondence.csv,record_id,string,5,5,Synthetic field `record_id` in broker_correspondence.csv; interpret using case context and authority controls.
broker_correspondence.csv,entity_id,string,5,4,Synthetic field `entity_id` in broker_correspondence.csv; interpret using case context and authority controls.
broker_correspondence.csv,event_time,datetime_or_date,5,5,Synthetic field `event_time` in broker_correspondence.csv; interpret using case context and authority controls.
broker_correspondence.csv,status,string,5,5,Synthetic field `status` in broker_correspondence.csv; interpret using case context and authority controls.
broker_correspondence.csv,value,string,5,5,Synthetic field `value` in broker_correspondence.csv; interpret using case context and authority controls.
broker_correspondence.csv,source_system,string,5,5,Synthetic field `source_system` in broker_correspondence.csv; interpret using case context and authority controls.
broker_correspondence.csv,jurisdiction,string,5,5,Synthetic field `jurisdiction` in broker_correspondence.csv; interpret using case context and authority controls.
broker_correspondence.csv,notes,string,5,5,Synthetic field `notes` in broker_correspondence.csv; interpret using case context and authority controls.
brokers.csv,record_id,string,4,4,Synthetic field `record_id` in brokers.csv; interpret using case context and authority controls.
brokers.csv,entity_id,string,4,4,Synthetic field `entity_id` in brokers.csv; interpret using case context and authority controls.
brokers.csv,event_time,datetime_or_date,4,4,Synthetic field `event_time` in brokers.csv; interpret using case context and authority controls.
brokers.csv,status,string,4,4,Synthetic field `status` in brokers.csv; interpret using case context and authority controls.
brokers.csv,value,string,4,4,Synthetic field `value` in brokers.csv; interpret using case context and authority controls.
brokers.csv,source_system,string,4,4,Synthetic field `source_system` in brokers.csv; interpret using case context and authority controls.
brokers.csv,jurisdiction,string,4,4,Synthetic field `jurisdiction` in brokers.csv; interpret using case context and authority controls.
brokers.csv,notes,string,4,4,Synthetic field `notes` in brokers.csv; interpret using case context and authority controls.
candidate_outputs.csv,record_id,string,5,5,Synthetic field `record_id` in candidate_outputs.csv; interpret using case context and authority controls.
candidate_outputs.csv,entity_id,string,5,4,Synthetic field `entity_id` in candidate_outputs.csv; interpret using case context and authority controls.
candidate_outputs.csv,event_time,datetime_or_date,5,5,Synthetic field `event_time` in candidate_outputs.csv; interpret using case context and authority controls.
candidate_outputs.csv,status,string,5,5,Synthetic field `status` in candidate_outputs.csv; interpret using case context and authority controls.
candidate_outputs.csv,value,string,5,5,Synthetic field `value` in candidate_outputs.csv; interpret using case context and authority controls.
candidate_outputs.csv,source_system,string,5,5,Synthetic field `source_system` in candidate_outputs.csv; interpret using case context and authority controls.
candidate_outputs.csv,jurisdiction,string,5,5,Synthetic field `jurisdiction` in candidate_outputs.csv; interpret using case context and authority controls.
candidate_outputs.csv,notes,string,5,5,Synthetic field `notes` in candidate_outputs.csv; interpret using case context and authority controls.
capital_scenarios.csv,record_id,string,5,5,Synthetic field `record_id` in capital_scenarios.csv; interpret using case context and authority controls.
capital_scenarios.csv,entity_id,string,5,4,Synthetic field `entity_id` in capital_scenarios.csv; interpret using case context and authority controls.
capital_scenarios.csv,event_time,datetime_or_date,5,5,Synthetic field `event_time` in capital_scenarios.csv; interpret using case context and authority controls.
capital_scenarios.csv,status,string,5,5,Synthetic field `status` in capital_scenarios.csv; interpret using case context and authority controls.
capital_scenarios.csv,value,string,5,5,Synthetic field `value` in capital_scenarios.csv; interpret using case context and authority controls.
capital_scenarios.csv,source_system,string,5,5,Synthetic field `source_system` in capital_scenarios.csv; interpret using case context and authority controls.
capital_scenarios.csv,jurisdiction,string,5,5,Synthetic field `jurisdiction` in capital_scenarios.csv; interpret using case context and authority controls.
capital_scenarios.csv,notes,string,5,5,Synthetic field `notes` in capital_scenarios.csv; interpret using case context and authority controls.
cat_events.csv,event_id,string,2,2,Synthetic field `event_id` in cat_events.csv; interpret using case context and authority controls.
cat_events.csv,name,string,2,2,Synthetic field `name` in cat_events.csv; interpret using case context and authority controls.
cat_events.csv,start_utc,datetime_or_date,2,2,Synthetic field `start_utc` in cat_events.csv; interpret using case context and authority controls.
cat_events.csv,end_utc,datetime_or_date,2,2,Synthetic field `end_utc` in cat_events.csv; interpret using case context and authority controls.
cat_events.csv,definition_owner,string,2,2,Synthetic field `definition_owner` in cat_events.csv; interpret using case context and authority controls.
cat_events.csv,hours_clause,number,2,2,Synthetic field `hours_clause` in cat_events.csv; interpret using case context and authority controls.
cat_models.csv,record_id,string,5,5,Synthetic field `record_id` in cat_models.csv; interpret using case context and authority controls.
cat_models.csv,entity_id,string,5,4,Synthetic field `entity_id` in cat_models.csv; interpret using case context and authority controls.
cat_models.csv,event_time,datetime_or_date,5,5,Synthetic field `event_time` in cat_models.csv; interpret using case context and authority controls.
cat_models.csv,status,string,5,5,Synthetic field `status` in cat_models.csv; interpret using case context and authority controls.
cat_models.csv,value,string,5,5,Synthetic field `value` in cat_models.csv; interpret using case context and authority controls.
cat_models.csv,source_system,string,5,5,Synthetic field `source_system` in cat_models.csv; interpret using case context and authority controls.
cat_models.csv,jurisdiction,string,5,5,Synthetic field `jurisdiction` in cat_models.csv; interpret using case context and authority controls.
cat_models.csv,notes,string,5,5,Synthetic field `notes` in cat_models.csv; interpret using case context and authority controls.
catastrophe_capacity.csv,record_id,string,4,4,Synthetic field `record_id` in catastrophe_capacity.csv; interpret using case context and authority controls.
catastrophe_capacity.csv,entity_id,string,4,4,Synthetic field `entity_id` in catastrophe_capacity.csv; interpret using case context and authority controls.
catastrophe_capacity.csv,event_time,datetime_or_date,4,4,Synthetic field `event_time` in catastrophe_capacity.csv; interpret using case context and authority controls.
catastrophe_capacity.csv,status,string,4,4,Synthetic field `status` in catastrophe_capacity.csv; interpret using case context and authority controls.
catastrophe_capacity.csv,value,string,4,4,Synthetic field `value` in catastrophe_capacity.csv; interpret using case context and authority controls.
catastrophe_capacity.csv,source_system,string,4,4,Synthetic field `source_system` in catastrophe_capacity.csv; interpret using case context and authority controls.
catastrophe_capacity.csv,jurisdiction,string,4,4,Synthetic field `jurisdiction` in catastrophe_capacity.csv; interpret using case context and authority controls.
catastrophe_capacity.csv,notes,string,4,4,Synthetic field `notes` in catastrophe_capacity.csv; interpret using case context and authority controls.
channels.csv,record_id,string,4,4,Synthetic field `record_id` in channels.csv; interpret using case context and authority controls.
channels.csv,entity_id,string,4,4,Synthetic field `entity_id` in channels.csv; interpret using case context and authority controls.
channels.csv,event_time,datetime_or_date,4,4,Synthetic field `event_time` in channels.csv; interpret using case context and authority controls.
channels.csv,status,string,4,4,Synthetic field `status` in channels.csv; interpret using case context and authority controls.
channels.csv,value,string,4,4,Synthetic field `value` in channels.csv; interpret using case context and authority controls.
channels.csv,source_system,string,4,4,Synthetic field `source_system` in channels.csv; interpret using case context and authority controls.
channels.csv,jurisdiction,string,4,4,Synthetic field `jurisdiction` in channels.csv; interpret using case context and authority controls.
channels.csv,notes,string,4,4,Synthetic field `notes` in channels.csv; interpret using case context and authority controls.
claim_documents.csv,record_id,string,5,5,Synthetic field `record_id` in claim_documents.csv; interpret using case context and authority controls.
claim_documents.csv,entity_id,string,5,4,Synthetic field `entity_id` in claim_documents.csv; interpret using case context and authority controls.
claim_documents.csv,event_time,datetime_or_date,5,5,Synthetic field `event_time` in claim_documents.csv; interpret using case context and authority controls.
claim_documents.csv,status,string,5,5,Synthetic field `status` in claim_documents.csv; interpret using case context and authority controls.
claim_documents.csv,value,string,5,5,Synthetic field `value` in claim_documents.csv; interpret using case context and authority controls.
claim_documents.csv,source_system,string,5,5,Synthetic field `source_system` in claim_documents.csv; interpret using case context and authority controls.
claim_documents.csv,jurisdiction,string,5,5,Synthetic field `jurisdiction` in claim_documents.csv; interpret using case context and authority controls.
claim_documents.csv,notes,string,5,5,Synthetic field `notes` in claim_documents.csv; interpret using case context and authority controls.
claim_documents_index.csv,record_id,string,4,4,Synthetic field `record_id` in claim_documents_index.csv; interpret using case context and authority controls.
claim_documents_index.csv,entity_id,string,4,4,Synthetic field `entity_id` in claim_documents_index.csv; interpret using case context and authority controls.
claim_documents_index.csv,event_time,datetime_or_date,4,4,Synthetic field `event_time` in claim_documents_index.csv; interpret using case context and authority controls.
claim_documents_index.csv,status,string,4,4,Synthetic field `status` in claim_documents_index.csv; interpret using case context and authority controls.
claim_documents_index.csv,value,string,4,4,Synthetic field `value` in claim_documents_index.csv; interpret using case context and authority controls.
claim_documents_index.csv,source_system,string,4,4,Synthetic field `source_system` in claim_documents_index.csv; interpret using case context and authority controls.
claim_documents_index.csv,jurisdiction,string,4,4,Synthetic field `jurisdiction` in claim_documents_index.csv; interpret using case context and authority controls.
claim_documents_index.csv,notes,string,4,4,Synthetic field `notes` in claim_documents_index.csv; interpret using case context and authority controls.
claim_notes.csv,record_id,string,5,5,Synthetic field `record_id` in claim_notes.csv; interpret using case context and authority controls.
claim_notes.csv,entity_id,string,5,4,Synthetic field `entity_id` in claim_notes.csv; interpret using case context and authority controls.
claim_notes.csv,event_time,datetime_or_date,5,5,Synthetic field `event_time` in claim_notes.csv; interpret using case context and authority controls.
claim_notes.csv,status,string,5,5,Synthetic field `status` in claim_notes.csv; interpret using case context and authority controls.
claim_notes.csv,value,string,5,5,Synthetic field `value` in claim_notes.csv; interpret using case context and authority controls.
claim_notes.csv,source_system,string,5,5,Synthetic field `source_system` in claim_notes.csv; interpret using case context and authority controls.
claim_notes.csv,jurisdiction,string,5,5,Synthetic field `jurisdiction` in claim_notes.csv; interpret using case context and authority controls.
claim_notes.csv,notes,string,5,5,Synthetic field `notes` in claim_notes.csv; interpret using case context and authority controls.
claim_reserves.csv,record_id,string,6,6,Synthetic field `record_id` in claim_reserves.csv; interpret using case context and authority controls.
claim_reserves.csv,entity_id,string,6,4,Synthetic field `entity_id` in claim_reserves.csv; interpret using case context and authority controls.
claim_reserves.csv,event_time,datetime_or_date,6,5,Synthetic field `event_time` in claim_reserves.csv; interpret using case context and authority controls.
claim_reserves.csv,status,string,6,5,Synthetic field `status` in claim_reserves.csv; interpret using case context and authority controls.
claim_reserves.csv,value,string,6,6,Synthetic field `value` in claim_reserves.csv; interpret using case context and authority controls.
claim_reserves.csv,source_system,string,6,5,Synthetic field `source_system` in claim_reserves.csv; interpret using case context and authority controls.
claim_reserves.csv,jurisdiction,string,6,5,Synthetic field `jurisdiction` in claim_reserves.csv; interpret using case context and authority controls.
claim_reserves.csv,notes,string,6,6,Synthetic field `notes` in claim_reserves.csv; interpret using case context and authority controls.
claim_tasks.csv,record_id,string,4,4,Synthetic field `record_id` in claim_tasks.csv; interpret using case context and authority controls.
claim_tasks.csv,entity_id,string,4,4,Synthetic field `entity_id` in claim_tasks.csv; interpret using case context and authority controls.
claim_tasks.csv,event_time,datetime_or_date,4,4,Synthetic field `event_time` in claim_tasks.csv; interpret using case context and authority controls.
claim_tasks.csv,status,string,4,4,Synthetic field `status` in claim_tasks.csv; interpret using case context and authority controls.
claim_tasks.csv,value,string,4,4,Synthetic field `value` in claim_tasks.csv; interpret using case context and authority controls.
claim_tasks.csv,source_system,string,4,4,Synthetic field `source_system` in claim_tasks.csv; interpret using case context and authority controls.
claim_tasks.csv,jurisdiction,string,4,4,Synthetic field `jurisdiction` in claim_tasks.csv; interpret using case context and authority controls.
claim_tasks.csv,notes,string,4,4,Synthetic field `notes` in claim_tasks.csv; interpret using case context and authority controls.
claimant_identities.csv,record_id,string,7,7,Synthetic field `record_id` in claimant_identities.csv; interpret using case context and authority controls.
claimant_identities.csv,entity_id,string,7,4,Synthetic field `entity_id` in claimant_identities.csv; interpret using case context and authority controls.
claimant_identities.csv,event_time,datetime_or_date,7,5,Synthetic field `event_time` in claimant_identities.csv; interpret using case context and authority controls.
claimant_identities.csv,status,string,7,5,Synthetic field `status` in claimant_identities.csv; interpret using case context and authority controls.
claimant_identities.csv,value,string,7,7,Synthetic field `value` in claimant_identities.csv; interpret using case context and authority controls.
claimant_identities.csv,source_system,string,7,5,Synthetic field `source_system` in claimant_identities.csv; interpret using case context and authority controls.
claimant_identities.csv,jurisdiction,string,7,5,Synthetic field `jurisdiction` in claimant_identities.csv; interpret using case context and authority controls.
claimant_identities.csv,notes,string,7,7,Synthetic field `notes` in claimant_identities.csv; interpret using case context and authority controls.
claims.csv,claim_id,string,4,4,Synthetic field `claim_id` in claims.csv; interpret using case context and authority controls.
claims.csv,policy_id,string,4,4,Synthetic field `policy_id` in claims.csv; interpret using case context and authority controls.
claims.csv,party_id,string,4,3,Synthetic field `party_id` in claims.csv; interpret using case context and authority controls.
claims.csv,loss_event_id,string,4,3,Synthetic field `loss_event_id` in claims.csv; interpret using case context and authority controls.
claims.csv,reported_at,datetime_or_date,4,4,Synthetic field `reported_at` in claims.csv; interpret using case context and authority controls.
claims.csv,loss_type,string,4,4,Synthetic field `loss_type` in claims.csv; interpret using case context and authority controls.
claims.csv,status,string,4,2,Synthetic field `status` in claims.csv; interpret using case context and authority controls.
claims.csv,claimed_amount,number,4,4,Synthetic field `claimed_amount` in claims.csv; interpret using case context and authority controls.
claims.csv,currency,string,4,3,Synthetic field `currency` in claims.csv; interpret using case context and authority controls.
claims.csv,cat_event_id,string,2,2,Synthetic field `cat_event_id` in claims.csv; interpret using case context and authority controls.
clinical_notes.csv,record_id,string,5,5,Synthetic field `record_id` in clinical_notes.csv; interpret using case context and authority controls.
clinical_notes.csv,entity_id,string,5,4,Synthetic field `entity_id` in clinical_notes.csv; interpret using case context and authority controls.
clinical_notes.csv,event_time,datetime_or_date,5,5,Synthetic field `event_time` in clinical_notes.csv; interpret using case context and authority controls.
clinical_notes.csv,status,string,5,5,Synthetic field `status` in clinical_notes.csv; interpret using case context and authority controls.
clinical_notes.csv,value,string,5,5,Synthetic field `value` in clinical_notes.csv; interpret using case context and authority controls.
clinical_notes.csv,source_system,string,5,5,Synthetic field `source_system` in clinical_notes.csv; interpret using case context and authority controls.
clinical_notes.csv,jurisdiction,string,5,5,Synthetic field `jurisdiction` in clinical_notes.csv; interpret using case context and authority controls.
clinical_notes.csv,notes,string,5,5,Synthetic field `notes` in clinical_notes.csv; interpret using case context and authority controls.
commercial_claims.csv,record_id,string,5,5,Synthetic field `record_id` in commercial_claims.csv; interpret using case context and authority controls.
commercial_claims.csv,entity_id,string,5,4,Synthetic field `entity_id` in commercial_claims.csv; interpret using case context and authority controls.
commercial_claims.csv,event_time,datetime_or_date,5,5,Synthetic field `event_time` in commercial_claims.csv; interpret using case context and authority controls.
commercial_claims.csv,status,string,5,5,Synthetic field `status` in commercial_claims.csv; interpret using case context and authority controls.
commercial_claims.csv,value,string,5,5,Synthetic field `value` in commercial_claims.csv; interpret using case context and authority controls.
commercial_claims.csv,source_system,string,5,5,Synthetic field `source_system` in commercial_claims.csv; interpret using case context and authority controls.
commercial_claims.csv,jurisdiction,string,5,5,Synthetic field `jurisdiction` in commercial_claims.csv; interpret using case context and authority controls.
commercial_claims.csv,notes,string,5,5,Synthetic field `notes` in commercial_claims.csv; interpret using case context and authority controls.
communication_events.csv,record_id,string,5,5,Synthetic field `record_id` in communication_events.csv; interpret using case context and authority controls.
communication_events.csv,entity_id,string,5,4,Synthetic field `entity_id` in communication_events.csv; interpret using case context and authority controls.
communication_events.csv,event_time,datetime_or_date,5,5,Synthetic field `event_time` in communication_events.csv; interpret using case context and authority controls.
communication_events.csv,status,string,5,5,Synthetic field `status` in communication_events.csv; interpret using case context and authority controls.
communication_events.csv,value,string,5,5,Synthetic field `value` in communication_events.csv; interpret using case context and authority controls.
communication_events.csv,source_system,string,5,5,Synthetic field `source_system` in communication_events.csv; interpret using case context and authority controls.
communication_events.csv,jurisdiction,string,5,5,Synthetic field `jurisdiction` in communication_events.csv; interpret using case context and authority controls.
communication_events.csv,notes,string,5,5,Synthetic field `notes` in communication_events.csv; interpret using case context and authority controls.
complaint_outcomes.csv,record_id,string,4,4,Synthetic field `record_id` in complaint_outcomes.csv; interpret using case context and authority controls.
complaint_outcomes.csv,entity_id,string,4,4,Synthetic field `entity_id` in complaint_outcomes.csv; interpret using case context and authority controls.
complaint_outcomes.csv,event_time,datetime_or_date,4,4,Synthetic field `event_time` in complaint_outcomes.csv; interpret using case context and authority controls.
complaint_outcomes.csv,status,string,4,4,Synthetic field `status` in complaint_outcomes.csv; interpret using case context and authority controls.
complaint_outcomes.csv,value,string,4,4,Synthetic field `value` in complaint_outcomes.csv; interpret using case context and authority controls.
complaint_outcomes.csv,source_system,string,4,4,Synthetic field `source_system` in complaint_outcomes.csv; interpret using case context and authority controls.
complaint_outcomes.csv,jurisdiction,string,4,4,Synthetic field `jurisdiction` in complaint_outcomes.csv; interpret using case context and authority controls.
complaint_outcomes.csv,notes,string,4,4,Synthetic field `notes` in complaint_outcomes.csv; interpret using case context and authority controls.
complaints.csv,record_id,string,5,5,Synthetic field `record_id` in complaints.csv; interpret using case context and authority controls.
complaints.csv,entity_id,string,5,4,Synthetic field `entity_id` in complaints.csv; interpret using case context and authority controls.
complaints.csv,event_time,datetime_or_date,5,5,Synthetic field `event_time` in complaints.csv; interpret using case context and authority controls.
complaints.csv,status,string,5,5,Synthetic field `status` in complaints.csv; interpret using case context and authority controls.
complaints.csv,value,string,5,5,Synthetic field `value` in complaints.csv; interpret using case context and authority controls.
complaints.csv,source_system,string,5,5,Synthetic field `source_system` in complaints.csv; interpret using case context and authority controls.
complaints.csv,jurisdiction,string,5,5,Synthetic field `jurisdiction` in complaints.csv; interpret using case context and authority controls.
complaints.csv,notes,string,5,5,Synthetic field `notes` in complaints.csv; interpret using case context and authority controls.
consents.csv,record_id,string,6,6,Synthetic field `record_id` in consents.csv; interpret using case context and authority controls.
consents.csv,entity_id,string,6,4,Synthetic field `entity_id` in consents.csv; interpret using case context and authority controls.
consents.csv,event_time,datetime_or_date,6,5,Synthetic field `event_time` in consents.csv; interpret using case context and authority controls.
consents.csv,status,string,6,5,Synthetic field `status` in consents.csv; interpret using case context and authority controls.
consents.csv,value,string,6,6,Synthetic field `value` in consents.csv; interpret using case context and authority controls.
consents.csv,source_system,string,6,5,Synthetic field `source_system` in consents.csv; interpret using case context and authority controls.
consents.csv,jurisdiction,string,6,5,Synthetic field `jurisdiction` in consents.csv; interpret using case context and authority controls.
consents.csv,notes,string,6,6,Synthetic field `notes` in consents.csv; interpret using case context and authority controls.
contact_history.csv,record_id,string,5,5,Synthetic field `record_id` in contact_history.csv; interpret using case context and authority controls.
contact_history.csv,entity_id,string,5,4,Synthetic field `entity_id` in contact_history.csv; interpret using case context and authority controls.
contact_history.csv,event_time,datetime_or_date,5,5,Synthetic field `event_time` in contact_history.csv; interpret using case context and authority controls.
contact_history.csv,status,string,5,5,Synthetic field `status` in contact_history.csv; interpret using case context and authority controls.
contact_history.csv,value,string,5,5,Synthetic field `value` in contact_history.csv; interpret using case context and authority controls.
contact_history.csv,source_system,string,5,5,Synthetic field `source_system` in contact_history.csv; interpret using case context and authority controls.
contact_history.csv,jurisdiction,string,5,5,Synthetic field `jurisdiction` in contact_history.csv; interpret using case context and authority controls.
contact_history.csv,notes,string,5,5,Synthetic field `notes` in contact_history.csv; interpret using case context and authority controls.
continuity_requirements.csv,capability,string,3,3,Synthetic field `capability` in continuity_requirements.csv; interpret using case context and authority controls.
continuity_requirements.csv,max_ai_outage_days,number,3,1,Synthetic field `max_ai_outage_days` in continuity_requirements.csv; interpret using case context and authority controls.
continuity_requirements.csv,manual_mode,string,3,3,Synthetic field `manual_mode` in continuity_requirements.csv; interpret using case context and authority controls.
continuity_requirements.csv,minimum_staff,number,3,3,Synthetic field `minimum_staff` in continuity_requirements.csv; interpret using case context and authority controls.
continuity_requirements.csv,rto_hours,number,3,3,Synthetic field `rto_hours` in continuity_requirements.csv; interpret using case context and authority controls.
controls.csv,record_id,string,4,4,Synthetic field `record_id` in controls.csv; interpret using case context and authority controls.
controls.csv,entity_id,string,4,4,Synthetic field `entity_id` in controls.csv; interpret using case context and authority controls.
controls.csv,event_time,datetime_or_date,4,4,Synthetic field `event_time` in controls.csv; interpret using case context and authority controls.
controls.csv,status,string,4,4,Synthetic field `status` in controls.csv; interpret using case context and authority controls.
controls.csv,value,string,4,4,Synthetic field `value` in controls.csv; interpret using case context and authority controls.
controls.csv,source_system,string,4,4,Synthetic field `source_system` in controls.csv; interpret using case context and authority controls.
controls.csv,jurisdiction,string,4,4,Synthetic field `jurisdiction` in controls.csv; interpret using case context and authority controls.
controls.csv,notes,string,4,4,Synthetic field `notes` in controls.csv; interpret using case context and authority controls.
cost_model.csv,record_id,string,6,6,Synthetic field `record_id` in cost_model.csv; interpret using case context and authority controls.
cost_model.csv,entity_id,string,6,4,Synthetic field `entity_id` in cost_model.csv; interpret using case context and authority controls.
cost_model.csv,event_time,datetime_or_date,6,5,Synthetic field `event_time` in cost_model.csv; interpret using case context and authority controls.
cost_model.csv,status,string,6,5,Synthetic field `status` in cost_model.csv; interpret using case context and authority controls.
cost_model.csv,value,string,6,6,Synthetic field `value` in cost_model.csv; interpret using case context and authority controls.
cost_model.csv,source_system,string,6,5,Synthetic field `source_system` in cost_model.csv; interpret using case context and authority controls.
cost_model.csv,jurisdiction,string,6,5,Synthetic field `jurisdiction` in cost_model.csv; interpret using case context and authority controls.
cost_model.csv,notes,string,6,6,Synthetic field `notes` in cost_model.csv; interpret using case context and authority controls.
counterparty_ratings.csv,record_id,string,5,5,Synthetic field `record_id` in counterparty_ratings.csv; interpret using case context and authority controls.
counterparty_ratings.csv,entity_id,string,5,4,Synthetic field `entity_id` in counterparty_ratings.csv; interpret using case context and authority controls.
counterparty_ratings.csv,event_time,datetime_or_date,5,5,Synthetic field `event_time` in counterparty_ratings.csv; interpret using case context and authority controls.
counterparty_ratings.csv,status,string,5,5,Synthetic field `status` in counterparty_ratings.csv; interpret using case context and authority controls.
counterparty_ratings.csv,value,string,5,5,Synthetic field `value` in counterparty_ratings.csv; interpret using case context and authority controls.
counterparty_ratings.csv,source_system,string,5,5,Synthetic field `source_system` in counterparty_ratings.csv; interpret using case context and authority controls.
counterparty_ratings.csv,jurisdiction,string,5,5,Synthetic field `jurisdiction` in counterparty_ratings.csv; interpret using case context and authority controls.
counterparty_ratings.csv,notes,string,5,5,Synthetic field `notes` in counterparty_ratings.csv; interpret using case context and authority controls.
coverages.csv,record_id,string,4,4,Synthetic field `record_id` in coverages.csv; interpret using case context and authority controls.
coverages.csv,entity_id,string,4,4,Synthetic field `entity_id` in coverages.csv; interpret using case context and authority controls.
coverages.csv,event_time,datetime_or_date,4,4,Synthetic field `event_time` in coverages.csv; interpret using case context and authority controls.
coverages.csv,status,string,4,4,Synthetic field `status` in coverages.csv; interpret using case context and authority controls.
coverages.csv,value,string,4,4,Synthetic field `value` in coverages.csv; interpret using case context and authority controls.
coverages.csv,source_system,string,4,4,Synthetic field `source_system` in coverages.csv; interpret using case context and authority controls.
coverages.csv,jurisdiction,string,4,4,Synthetic field `jurisdiction` in coverages.csv; interpret using case context and authority controls.
coverages.csv,notes,string,4,4,Synthetic field `notes` in coverages.csv; interpret using case context and authority controls.
customer_vulnerability.csv,record_id,string,5,5,Synthetic field `record_id` in customer_vulnerability.csv; interpret using case context and authority controls.
customer_vulnerability.csv,entity_id,string,5,4,Synthetic field `entity_id` in customer_vulnerability.csv; interpret using case context and authority controls.
customer_vulnerability.csv,event_time,datetime_or_date,5,5,Synthetic field `event_time` in customer_vulnerability.csv; interpret using case context and authority controls.
customer_vulnerability.csv,status,string,5,5,Synthetic field `status` in customer_vulnerability.csv; interpret using case context and authority controls.
customer_vulnerability.csv,value,string,5,5,Synthetic field `value` in customer_vulnerability.csv; interpret using case context and authority controls.
customer_vulnerability.csv,source_system,string,5,5,Synthetic field `source_system` in customer_vulnerability.csv; interpret using case context and authority controls.
customer_vulnerability.csv,jurisdiction,string,5,5,Synthetic field `jurisdiction` in customer_vulnerability.csv; interpret using case context and authority controls.
customer_vulnerability.csv,notes,string,5,5,Synthetic field `notes` in customer_vulnerability.csv; interpret using case context and authority controls.
cyber_incidents.csv,record_id,string,4,4,Synthetic field `record_id` in cyber_incidents.csv; interpret using case context and authority controls.
cyber_incidents.csv,entity_id,string,4,4,Synthetic field `entity_id` in cyber_incidents.csv; interpret using case context and authority controls.
cyber_incidents.csv,event_time,datetime_or_date,4,4,Synthetic field `event_time` in cyber_incidents.csv; interpret using case context and authority controls.
cyber_incidents.csv,status,string,4,4,Synthetic field `status` in cyber_incidents.csv; interpret using case context and authority controls.
cyber_incidents.csv,value,string,4,4,Synthetic field `value` in cyber_incidents.csv; interpret using case context and authority controls.
cyber_incidents.csv,source_system,string,4,4,Synthetic field `source_system` in cyber_incidents.csv; interpret using case context and authority controls.
cyber_incidents.csv,jurisdiction,string,4,4,Synthetic field `jurisdiction` in cyber_incidents.csv; interpret using case context and authority controls.
cyber_incidents.csv,notes,string,4,4,Synthetic field `notes` in cyber_incidents.csv; interpret using case context and authority controls.
cyber_risks.csv,record_id,string,5,5,Synthetic field `record_id` in cyber_risks.csv; interpret using case context and authority controls.
cyber_risks.csv,entity_id,string,5,4,Synthetic field `entity_id` in cyber_risks.csv; interpret using case context and authority controls.
cyber_risks.csv,event_time,datetime_or_date,5,5,Synthetic field `event_time` in cyber_risks.csv; interpret using case context and authority controls.
cyber_risks.csv,status,string,5,5,Synthetic field `status` in cyber_risks.csv; interpret using case context and authority controls.
cyber_risks.csv,value,string,5,5,Synthetic field `value` in cyber_risks.csv; interpret using case context and authority controls.
cyber_risks.csv,source_system,string,5,5,Synthetic field `source_system` in cyber_risks.csv; interpret using case context and authority controls.
cyber_risks.csv,jurisdiction,string,5,5,Synthetic field `jurisdiction` in cyber_risks.csv; interpret using case context and authority controls.
cyber_risks.csv,notes,string,5,5,Synthetic field `notes` in cyber_risks.csv; interpret using case context and authority controls.
data_dictionary.csv,record_id,string,4,4,Synthetic field `record_id` in data_dictionary.csv; interpret using case context and authority controls.
data_dictionary.csv,entity_id,string,4,4,Synthetic field `entity_id` in data_dictionary.csv; interpret using case context and authority controls.
data_dictionary.csv,event_time,datetime_or_date,4,4,Synthetic field `event_time` in data_dictionary.csv; interpret using case context and authority controls.
data_dictionary.csv,status,string,4,4,Synthetic field `status` in data_dictionary.csv; interpret using case context and authority controls.
data_dictionary.csv,value,string,4,4,Synthetic field `value` in data_dictionary.csv; interpret using case context and authority controls.
data_dictionary.csv,source_system,string,4,4,Synthetic field `source_system` in data_dictionary.csv; interpret using case context and authority controls.
data_dictionary.csv,jurisdiction,string,4,4,Synthetic field `jurisdiction` in data_dictionary.csv; interpret using case context and authority controls.
data_dictionary.csv,notes,string,4,4,Synthetic field `notes` in data_dictionary.csv; interpret using case context and authority controls.
data_licenses.csv,record_id,string,5,5,Synthetic field `record_id` in data_licenses.csv; interpret using case context and authority controls.
data_licenses.csv,entity_id,string,5,4,Synthetic field `entity_id` in data_licenses.csv; interpret using case context and authority controls.
data_licenses.csv,event_time,datetime_or_date,5,5,Synthetic field `event_time` in data_licenses.csv; interpret using case context and authority controls.
data_licenses.csv,status,string,5,5,Synthetic field `status` in data_licenses.csv; interpret using case context and authority controls.
data_licenses.csv,value,string,5,5,Synthetic field `value` in data_licenses.csv; interpret using case context and authority controls.
data_licenses.csv,source_system,string,5,5,Synthetic field `source_system` in data_licenses.csv; interpret using case context and authority controls.
data_licenses.csv,jurisdiction,string,5,5,Synthetic field `jurisdiction` in data_licenses.csv; interpret using case context and authority controls.
data_licenses.csv,notes,string,5,5,Synthetic field `notes` in data_licenses.csv; interpret using case context and authority controls.
data_residency.csv,record_id,string,5,5,Synthetic field `record_id` in data_residency.csv; interpret using case context and authority controls.
data_residency.csv,entity_id,string,5,4,Synthetic field `entity_id` in data_residency.csv; interpret using case context and authority controls.
data_residency.csv,event_time,datetime_or_date,5,5,Synthetic field `event_time` in data_residency.csv; interpret using case context and authority controls.
data_residency.csv,status,string,5,5,Synthetic field `status` in data_residency.csv; interpret using case context and authority controls.
data_residency.csv,value,string,5,5,Synthetic field `value` in data_residency.csv; interpret using case context and authority controls.
data_residency.csv,source_system,string,5,5,Synthetic field `source_system` in data_residency.csv; interpret using case context and authority controls.
data_residency.csv,jurisdiction,string,5,5,Synthetic field `jurisdiction` in data_residency.csv; interpret using case context and authority controls.
data_residency.csv,notes,string,5,5,Synthetic field `notes` in data_residency.csv; interpret using case context and authority controls.
data_use_requests.csv,record_id,string,5,5,Synthetic field `record_id` in data_use_requests.csv; interpret using case context and authority controls.
data_use_requests.csv,entity_id,string,5,4,Synthetic field `entity_id` in data_use_requests.csv; interpret using case context and authority controls.
data_use_requests.csv,event_time,datetime_or_date,5,5,Synthetic field `event_time` in data_use_requests.csv; interpret using case context and authority controls.
data_use_requests.csv,status,string,5,5,Synthetic field `status` in data_use_requests.csv; interpret using case context and authority controls.
data_use_requests.csv,value,string,5,5,Synthetic field `value` in data_use_requests.csv; interpret using case context and authority controls.
data_use_requests.csv,source_system,string,5,5,Synthetic field `source_system` in data_use_requests.csv; interpret using case context and authority controls.
data_use_requests.csv,jurisdiction,string,5,5,Synthetic field `jurisdiction` in data_use_requests.csv; interpret using case context and authority controls.
data_use_requests.csv,notes,string,5,5,Synthetic field `notes` in data_use_requests.csv; interpret using case context and authority controls.
decision_rights.csv,record_id,string,6,6,Synthetic field `record_id` in decision_rights.csv; interpret using case context and authority controls.
decision_rights.csv,entity_id,string,6,4,Synthetic field `entity_id` in decision_rights.csv; interpret using case context and authority controls.
decision_rights.csv,event_time,datetime_or_date,6,5,Synthetic field `event_time` in decision_rights.csv; interpret using case context and authority controls.
decision_rights.csv,status,string,6,5,Synthetic field `status` in decision_rights.csv; interpret using case context and authority controls.
decision_rights.csv,value,string,6,6,Synthetic field `value` in decision_rights.csv; interpret using case context and authority controls.
decision_rights.csv,source_system,string,6,5,Synthetic field `source_system` in decision_rights.csv; interpret using case context and authority controls.
decision_rights.csv,jurisdiction,string,6,5,Synthetic field `jurisdiction` in decision_rights.csv; interpret using case context and authority controls.
decision_rights.csv,notes,string,6,6,Synthetic field `notes` in decision_rights.csv; interpret using case context and authority controls.
deductibles.csv,record_id,string,4,4,Synthetic field `record_id` in deductibles.csv; interpret using case context and authority controls.
deductibles.csv,entity_id,string,4,4,Synthetic field `entity_id` in deductibles.csv; interpret using case context and authority controls.
deductibles.csv,event_time,datetime_or_date,4,4,Synthetic field `event_time` in deductibles.csv; interpret using case context and authority controls.
deductibles.csv,status,string,4,4,Synthetic field `status` in deductibles.csv; interpret using case context and authority controls.
deductibles.csv,value,string,4,4,Synthetic field `value` in deductibles.csv; interpret using case context and authority controls.
deductibles.csv,source_system,string,4,4,Synthetic field `source_system` in deductibles.csv; interpret using case context and authority controls.
deductibles.csv,jurisdiction,string,4,4,Synthetic field `jurisdiction` in deductibles.csv; interpret using case context and authority controls.
deductibles.csv,notes,string,4,4,Synthetic field `notes` in deductibles.csv; interpret using case context and authority controls.
delegated_authorities.csv,record_id,string,5,5,Synthetic field `record_id` in delegated_authorities.csv; interpret using case context and authority controls.
delegated_authorities.csv,entity_id,string,5,4,Synthetic field `entity_id` in delegated_authorities.csv; interpret using case context and authority controls.
delegated_authorities.csv,event_time,datetime_or_date,5,5,Synthetic field `event_time` in delegated_authorities.csv; interpret using case context and authority controls.
delegated_authorities.csv,status,string,5,5,Synthetic field `status` in delegated_authorities.csv; interpret using case context and authority controls.
delegated_authorities.csv,value,string,5,5,Synthetic field `value` in delegated_authorities.csv; interpret using case context and authority controls.
delegated_authorities.csv,source_system,string,5,5,Synthetic field `source_system` in delegated_authorities.csv; interpret using case context and authority controls.
delegated_authorities.csv,jurisdiction,string,5,5,Synthetic field `jurisdiction` in delegated_authorities.csv; interpret using case context and authority controls.
delegated_authorities.csv,notes,string,5,5,Synthetic field `notes` in delegated_authorities.csv; interpret using case context and authority controls.
deletion_requests.csv,record_id,string,6,6,Synthetic field `record_id` in deletion_requests.csv; interpret using case context and authority controls.
deletion_requests.csv,entity_id,string,6,4,Synthetic field `entity_id` in deletion_requests.csv; interpret using case context and authority controls.
deletion_requests.csv,event_time,datetime_or_date,6,5,Synthetic field `event_time` in deletion_requests.csv; interpret using case context and authority controls.
deletion_requests.csv,status,string,6,5,Synthetic field `status` in deletion_requests.csv; interpret using case context and authority controls.
deletion_requests.csv,value,string,6,6,Synthetic field `value` in deletion_requests.csv; interpret using case context and authority controls.
deletion_requests.csv,source_system,string,6,5,Synthetic field `source_system` in deletion_requests.csv; interpret using case context and authority controls.
deletion_requests.csv,jurisdiction,string,6,5,Synthetic field `jurisdiction` in deletion_requests.csv; interpret using case context and authority controls.
deletion_requests.csv,notes,string,6,6,Synthetic field `notes` in deletion_requests.csv; interpret using case context and authority controls.
device_firmware.csv,record_id,string,5,5,Synthetic field `record_id` in device_firmware.csv; interpret using case context and authority controls.
device_firmware.csv,entity_id,string,5,4,Synthetic field `entity_id` in device_firmware.csv; interpret using case context and authority controls.
device_firmware.csv,event_time,datetime_or_date,5,5,Synthetic field `event_time` in device_firmware.csv; interpret using case context and authority controls.
device_firmware.csv,status,string,5,5,Synthetic field `status` in device_firmware.csv; interpret using case context and authority controls.
device_firmware.csv,value,string,5,5,Synthetic field `value` in device_firmware.csv; interpret using case context and authority controls.
device_firmware.csv,source_system,string,5,5,Synthetic field `source_system` in device_firmware.csv; interpret using case context and authority controls.
device_firmware.csv,jurisdiction,string,5,5,Synthetic field `jurisdiction` in device_firmware.csv; interpret using case context and authority controls.
device_firmware.csv,notes,string,5,5,Synthetic field `notes` in device_firmware.csv; interpret using case context and authority controls.
digital_journeys.csv,record_id,string,5,5,Synthetic field `record_id` in digital_journeys.csv; interpret using case context and authority controls.
digital_journeys.csv,entity_id,string,5,4,Synthetic field `entity_id` in digital_journeys.csv; interpret using case context and authority controls.
digital_journeys.csv,event_time,datetime_or_date,5,5,Synthetic field `event_time` in digital_journeys.csv; interpret using case context and authority controls.
digital_journeys.csv,status,string,5,5,Synthetic field `status` in digital_journeys.csv; interpret using case context and authority controls.
digital_journeys.csv,value,string,5,5,Synthetic field `value` in digital_journeys.csv; interpret using case context and authority controls.
digital_journeys.csv,source_system,string,5,5,Synthetic field `source_system` in digital_journeys.csv; interpret using case context and authority controls.
digital_journeys.csv,jurisdiction,string,5,5,Synthetic field `jurisdiction` in digital_journeys.csv; interpret using case context and authority controls.
digital_journeys.csv,notes,string,5,5,Synthetic field `notes` in digital_journeys.csv; interpret using case context and authority controls.
disability_claims.csv,record_id,string,5,5,Synthetic field `record_id` in disability_claims.csv; interpret using case context and authority controls.
disability_claims.csv,entity_id,string,5,4,Synthetic field `entity_id` in disability_claims.csv; interpret using case context and authority controls.
disability_claims.csv,event_time,datetime_or_date,5,5,Synthetic field `event_time` in disability_claims.csv; interpret using case context and authority controls.
disability_claims.csv,status,string,5,5,Synthetic field `status` in disability_claims.csv; interpret using case context and authority controls.
disability_claims.csv,value,string,5,5,Synthetic field `value` in disability_claims.csv; interpret using case context and authority controls.
disability_claims.csv,source_system,string,5,5,Synthetic field `source_system` in disability_claims.csv; interpret using case context and authority controls.
disability_claims.csv,jurisdiction,string,5,5,Synthetic field `jurisdiction` in disability_claims.csv; interpret using case context and authority controls.
disability_claims.csv,notes,string,5,5,Synthetic field `notes` in disability_claims.csv; interpret using case context and authority controls.
document_forensics.csv,record_id,string,5,5,Synthetic field `record_id` in document_forensics.csv; interpret using case context and authority controls.
document_forensics.csv,entity_id,string,5,4,Synthetic field `entity_id` in document_forensics.csv; interpret using case context and authority controls.
document_forensics.csv,event_time,datetime_or_date,5,5,Synthetic field `event_time` in document_forensics.csv; interpret using case context and authority controls.
document_forensics.csv,status,string,5,5,Synthetic field `status` in document_forensics.csv; interpret using case context and authority controls.
document_forensics.csv,value,string,5,5,Synthetic field `value` in document_forensics.csv; interpret using case context and authority controls.
document_forensics.csv,source_system,string,5,5,Synthetic field `source_system` in document_forensics.csv; interpret using case context and authority controls.
document_forensics.csv,jurisdiction,string,5,5,Synthetic field `jurisdiction` in document_forensics.csv; interpret using case context and authority controls.
document_forensics.csv,notes,string,5,5,Synthetic field `notes` in document_forensics.csv; interpret using case context and authority controls.
downtime_events.csv,event_id,string,3,3,Synthetic field `event_id` in downtime_events.csv; interpret using case context and authority controls.
downtime_events.csv,system,string,3,3,Synthetic field `system` in downtime_events.csv; interpret using case context and authority controls.
downtime_events.csv,start,datetime_or_date,3,3,Synthetic field `start` in downtime_events.csv; interpret using case context and authority controls.
downtime_events.csv,end,datetime_or_date,1,1,Synthetic field `end` in downtime_events.csv; interpret using case context and authority controls.
downtime_events.csv,mode,string,3,3,Synthetic field `mode` in downtime_events.csv; interpret using case context and authority controls.
downtime_events.csv,cause,string,3,3,Synthetic field `cause` in downtime_events.csv; interpret using case context and authority controls.
driver_assignments.csv,record_id,string,5,5,Synthetic field `record_id` in driver_assignments.csv; interpret using case context and authority controls.
driver_assignments.csv,entity_id,string,5,4,Synthetic field `entity_id` in driver_assignments.csv; interpret using case context and authority controls.
driver_assignments.csv,event_time,datetime_or_date,5,5,Synthetic field `event_time` in driver_assignments.csv; interpret using case context and authority controls.
driver_assignments.csv,status,string,5,5,Synthetic field `status` in driver_assignments.csv; interpret using case context and authority controls.
driver_assignments.csv,value,string,5,5,Synthetic field `value` in driver_assignments.csv; interpret using case context and authority controls.
driver_assignments.csv,source_system,string,5,5,Synthetic field `source_system` in driver_assignments.csv; interpret using case context and authority controls.
driver_assignments.csv,jurisdiction,string,5,5,Synthetic field `jurisdiction` in driver_assignments.csv; interpret using case context and authority controls.
driver_assignments.csv,notes,string,5,5,Synthetic field `notes` in driver_assignments.csv; interpret using case context and authority controls.
drone_flights.csv,record_id,string,5,5,Synthetic field `record_id` in drone_flights.csv; interpret using case context and authority controls.
drone_flights.csv,entity_id,string,5,4,Synthetic field `entity_id` in drone_flights.csv; interpret using case context and authority controls.
drone_flights.csv,event_time,datetime_or_date,5,5,Synthetic field `event_time` in drone_flights.csv; interpret using case context and authority controls.
drone_flights.csv,status,string,5,5,Synthetic field `status` in drone_flights.csv; interpret using case context and authority controls.
drone_flights.csv,value,string,5,5,Synthetic field `value` in drone_flights.csv; interpret using case context and authority controls.
drone_flights.csv,source_system,string,5,5,Synthetic field `source_system` in drone_flights.csv; interpret using case context and authority controls.
drone_flights.csv,jurisdiction,string,5,5,Synthetic field `jurisdiction` in drone_flights.csv; interpret using case context and authority controls.
drone_flights.csv,notes,string,5,5,Synthetic field `notes` in drone_flights.csv; interpret using case context and authority controls.
drone_images.csv,record_id,string,5,5,Synthetic field `record_id` in drone_images.csv; interpret using case context and authority controls.
drone_images.csv,entity_id,string,5,4,Synthetic field `entity_id` in drone_images.csv; interpret using case context and authority controls.
drone_images.csv,event_time,datetime_or_date,5,5,Synthetic field `event_time` in drone_images.csv; interpret using case context and authority controls.
drone_images.csv,status,string,5,5,Synthetic field `status` in drone_images.csv; interpret using case context and authority controls.
drone_images.csv,value,string,5,5,Synthetic field `value` in drone_images.csv; interpret using case context and authority controls.
drone_images.csv,source_system,string,5,5,Synthetic field `source_system` in drone_images.csv; interpret using case context and authority controls.
drone_images.csv,jurisdiction,string,5,5,Synthetic field `jurisdiction` in drone_images.csv; interpret using case context and authority controls.
drone_images.csv,notes,string,5,5,Synthetic field `notes` in drone_images.csv; interpret using case context and authority controls.
emergency_payment_requests.csv,record_id,string,5,5,Synthetic field `record_id` in emergency_payment_requests.csv; interpret using case context and authority controls.
emergency_payment_requests.csv,entity_id,string,5,4,Synthetic field `entity_id` in emergency_payment_requests.csv; interpret using case context and authority controls.
emergency_payment_requests.csv,event_time,datetime_or_date,5,5,Synthetic field `event_time` in emergency_payment_requests.csv; interpret using case context and authority controls.
emergency_payment_requests.csv,status,string,5,5,Synthetic field `status` in emergency_payment_requests.csv; interpret using case context and authority controls.
emergency_payment_requests.csv,value,string,5,5,Synthetic field `value` in emergency_payment_requests.csv; interpret using case context and authority controls.
emergency_payment_requests.csv,source_system,string,5,5,Synthetic field `source_system` in emergency_payment_requests.csv; interpret using case context and authority controls.
emergency_payment_requests.csv,jurisdiction,string,5,5,Synthetic field `jurisdiction` in emergency_payment_requests.csv; interpret using case context and authority controls.
emergency_payment_requests.csv,notes,string,5,5,Synthetic field `notes` in emergency_payment_requests.csv; interpret using case context and authority controls.
endorsements.csv,endorsement_id,string,2,2,Synthetic field `endorsement_id` in endorsements.csv; interpret using case context and authority controls.
endorsements.csv,policy_id,string,2,2,Synthetic field `policy_id` in endorsements.csv; interpret using case context and authority controls.
endorsements.csv,type,string,2,2,Synthetic field `type` in endorsements.csv; interpret using case context and authority controls.
endorsements.csv,requested_at,datetime_or_date,2,2,Synthetic field `requested_at` in endorsements.csv; interpret using case context and authority controls.
endorsements.csv,issued_at,datetime_or_date,2,2,Synthetic field `issued_at` in endorsements.csv; interpret using case context and authority controls.
endorsements.csv,effective_at,datetime_or_date,2,2,Synthetic field `effective_at` in endorsements.csv; interpret using case context and authority controls.
endorsements.csv,premium_received_at,datetime_or_date,2,2,Synthetic field `premium_received_at` in endorsements.csv; interpret using case context and authority controls.
endorsements.csv,status,string,2,1,Synthetic field `status` in endorsements.csv; interpret using case context and authority controls.
error_budgets.csv,record_id,string,4,4,Synthetic field `record_id` in error_budgets.csv; interpret using case context and authority controls.
error_budgets.csv,entity_id,string,4,4,Synthetic field `entity_id` in error_budgets.csv; interpret using case context and authority controls.
error_budgets.csv,event_time,datetime_or_date,4,4,Synthetic field `event_time` in error_budgets.csv; interpret using case context and authority controls.
error_budgets.csv,status,string,4,4,Synthetic field `status` in error_budgets.csv; interpret using case context and authority controls.
error_budgets.csv,value,string,4,4,Synthetic field `value` in error_budgets.csv; interpret using case context and authority controls.
error_budgets.csv,source_system,string,4,4,Synthetic field `source_system` in error_budgets.csv; interpret using case context and authority controls.
error_budgets.csv,jurisdiction,string,4,4,Synthetic field `jurisdiction` in error_budgets.csv; interpret using case context and authority controls.
error_budgets.csv,notes,string,4,4,Synthetic field `notes` in error_budgets.csv; interpret using case context and authority controls.
evaluations.csv,record_id,string,4,4,Synthetic field `record_id` in evaluations.csv; interpret using case context and authority controls.
evaluations.csv,entity_id,string,4,4,Synthetic field `entity_id` in evaluations.csv; interpret using case context and authority controls.
evaluations.csv,event_time,datetime_or_date,4,4,Synthetic field `event_time` in evaluations.csv; interpret using case context and authority controls.
evaluations.csv,status,string,4,4,Synthetic field `status` in evaluations.csv; interpret using case context and authority controls.
evaluations.csv,value,string,4,4,Synthetic field `value` in evaluations.csv; interpret using case context and authority controls.
evaluations.csv,source_system,string,4,4,Synthetic field `source_system` in evaluations.csv; interpret using case context and authority controls.
evaluations.csv,jurisdiction,string,4,4,Synthetic field `jurisdiction` in evaluations.csv; interpret using case context and authority controls.
evaluations.csv,notes,string,4,4,Synthetic field `notes` in evaluations.csv; interpret using case context and authority controls.
evidence_conflicts.csv,record_id,string,5,5,Synthetic field `record_id` in evidence_conflicts.csv; interpret using case context and authority controls.
evidence_conflicts.csv,entity_id,string,5,4,Synthetic field `entity_id` in evidence_conflicts.csv; interpret using case context and authority controls.
evidence_conflicts.csv,event_time,datetime_or_date,5,5,Synthetic field `event_time` in evidence_conflicts.csv; interpret using case context and authority controls.
evidence_conflicts.csv,status,string,5,5,Synthetic field `status` in evidence_conflicts.csv; interpret using case context and authority controls.
evidence_conflicts.csv,value,string,5,5,Synthetic field `value` in evidence_conflicts.csv; interpret using case context and authority controls.
evidence_conflicts.csv,source_system,string,5,5,Synthetic field `source_system` in evidence_conflicts.csv; interpret using case context and authority controls.
evidence_conflicts.csv,jurisdiction,string,5,5,Synthetic field `jurisdiction` in evidence_conflicts.csv; interpret using case context and authority controls.
evidence_conflicts.csv,notes,string,5,5,Synthetic field `notes` in evidence_conflicts.csv; interpret using case context and authority controls.
exclusions.csv,record_id,string,4,4,Synthetic field `record_id` in exclusions.csv; interpret using case context and authority controls.
exclusions.csv,entity_id,string,4,4,Synthetic field `entity_id` in exclusions.csv; interpret using case context and authority controls.
exclusions.csv,event_time,datetime_or_date,4,4,Synthetic field `event_time` in exclusions.csv; interpret using case context and authority controls.
exclusions.csv,status,string,4,4,Synthetic field `status` in exclusions.csv; interpret using case context and authority controls.
exclusions.csv,value,string,4,4,Synthetic field `value` in exclusions.csv; interpret using case context and authority controls.
exclusions.csv,source_system,string,4,4,Synthetic field `source_system` in exclusions.csv; interpret using case context and authority controls.
exclusions.csv,jurisdiction,string,4,4,Synthetic field `jurisdiction` in exclusions.csv; interpret using case context and authority controls.
exclusions.csv,notes,string,4,4,Synthetic field `notes` in exclusions.csv; interpret using case context and authority controls.
explanation_tests.csv,record_id,string,5,5,Synthetic field `record_id` in explanation_tests.csv; interpret using case context and authority controls.
explanation_tests.csv,entity_id,string,5,4,Synthetic field `entity_id` in explanation_tests.csv; interpret using case context and authority controls.
explanation_tests.csv,event_time,datetime_or_date,5,5,Synthetic field `event_time` in explanation_tests.csv; interpret using case context and authority controls.
explanation_tests.csv,status,string,5,5,Synthetic field `status` in explanation_tests.csv; interpret using case context and authority controls.
explanation_tests.csv,value,string,5,5,Synthetic field `value` in explanation_tests.csv; interpret using case context and authority controls.
explanation_tests.csv,source_system,string,5,5,Synthetic field `source_system` in explanation_tests.csv; interpret using case context and authority controls.
explanation_tests.csv,jurisdiction,string,5,5,Synthetic field `jurisdiction` in explanation_tests.csv; interpret using case context and authority controls.
explanation_tests.csv,notes,string,5,5,Synthetic field `notes` in explanation_tests.csv; interpret using case context and authority controls.
exposure_aggregates.csv,record_id,string,5,5,Synthetic field `record_id` in exposure_aggregates.csv; interpret using case context and authority controls.
exposure_aggregates.csv,entity_id,string,5,4,Synthetic field `entity_id` in exposure_aggregates.csv; interpret using case context and authority controls.
exposure_aggregates.csv,event_time,datetime_or_date,5,5,Synthetic field `event_time` in exposure_aggregates.csv; interpret using case context and authority controls.
exposure_aggregates.csv,status,string,5,5,Synthetic field `status` in exposure_aggregates.csv; interpret using case context and authority controls.
exposure_aggregates.csv,value,string,5,5,Synthetic field `value` in exposure_aggregates.csv; interpret using case context and authority controls.
exposure_aggregates.csv,source_system,string,5,5,Synthetic field `source_system` in exposure_aggregates.csv; interpret using case context and authority controls.
exposure_aggregates.csv,jurisdiction,string,5,5,Synthetic field `jurisdiction` in exposure_aggregates.csv; interpret using case context and authority controls.
exposure_aggregates.csv,notes,string,5,5,Synthetic field `notes` in exposure_aggregates.csv; interpret using case context and authority controls.
exposure_locations.csv,record_id,string,5,5,Synthetic field `record_id` in exposure_locations.csv; interpret using case context and authority controls.
exposure_locations.csv,entity_id,string,5,4,Synthetic field `entity_id` in exposure_locations.csv; interpret using case context and authority controls.
exposure_locations.csv,event_time,datetime_or_date,5,5,Synthetic field `event_time` in exposure_locations.csv; interpret using case context and authority controls.
exposure_locations.csv,status,string,5,5,Synthetic field `status` in exposure_locations.csv; interpret using case context and authority controls.
exposure_locations.csv,value,string,5,5,Synthetic field `value` in exposure_locations.csv; interpret using case context and authority controls.
exposure_locations.csv,source_system,string,5,5,Synthetic field `source_system` in exposure_locations.csv; interpret using case context and authority controls.
exposure_locations.csv,jurisdiction,string,5,5,Synthetic field `jurisdiction` in exposure_locations.csv; interpret using case context and authority controls.
exposure_locations.csv,notes,string,5,5,Synthetic field `notes` in exposure_locations.csv; interpret using case context and authority controls.
external_data_sources.csv,record_id,string,5,5,Synthetic field `record_id` in external_data_sources.csv; interpret using case context and authority controls.
external_data_sources.csv,entity_id,string,5,4,Synthetic field `entity_id` in external_data_sources.csv; interpret using case context and authority controls.
external_data_sources.csv,event_time,datetime_or_date,5,5,Synthetic field `event_time` in external_data_sources.csv; interpret using case context and authority controls.
external_data_sources.csv,status,string,5,5,Synthetic field `status` in external_data_sources.csv; interpret using case context and authority controls.
external_data_sources.csv,value,string,5,5,Synthetic field `value` in external_data_sources.csv; interpret using case context and authority controls.
external_data_sources.csv,source_system,string,5,5,Synthetic field `source_system` in external_data_sources.csv; interpret using case context and authority controls.
external_data_sources.csv,jurisdiction,string,5,5,Synthetic field `jurisdiction` in external_data_sources.csv; interpret using case context and authority controls.
external_data_sources.csv,notes,string,5,5,Synthetic field `notes` in external_data_sources.csv; interpret using case context and authority controls.
facultative_placements.csv,record_id,string,5,5,Synthetic field `record_id` in facultative_placements.csv; interpret using case context and authority controls.
facultative_placements.csv,entity_id,string,5,4,Synthetic field `entity_id` in facultative_placements.csv; interpret using case context and authority controls.
facultative_placements.csv,event_time,datetime_or_date,5,5,Synthetic field `event_time` in facultative_placements.csv; interpret using case context and authority controls.
facultative_placements.csv,status,string,5,5,Synthetic field `status` in facultative_placements.csv; interpret using case context and authority controls.
facultative_placements.csv,value,string,5,5,Synthetic field `value` in facultative_placements.csv; interpret using case context and authority controls.
facultative_placements.csv,source_system,string,5,5,Synthetic field `source_system` in facultative_placements.csv; interpret using case context and authority controls.
facultative_placements.csv,jurisdiction,string,5,5,Synthetic field `jurisdiction` in facultative_placements.csv; interpret using case context and authority controls.
facultative_placements.csv,notes,string,5,5,Synthetic field `notes` in facultative_placements.csv; interpret using case context and authority controls.
fairness_metrics.csv,model_id,string,3,3,Synthetic field `model_id` in fairness_metrics.csv; interpret using case context and authority controls.
fairness_metrics.csv,subgroup,string,3,3,Synthetic field `subgroup` in fairness_metrics.csv; interpret using case context and authority controls.
fairness_metrics.csv,selection_rate,number,3,3,Synthetic field `selection_rate` in fairness_metrics.csv; interpret using case context and authority controls.
fairness_metrics.csv,false_positive_rate,number,3,3,Synthetic field `false_positive_rate` in fairness_metrics.csv; interpret using case context and authority controls.
fairness_metrics.csv,reference_rate,number,3,3,Synthetic field `reference_rate` in fairness_metrics.csv; interpret using case context and authority controls.
fairness_metrics.csv,threshold,number,3,1,Synthetic field `threshold` in fairness_metrics.csv; interpret using case context and authority controls.
fairness_metrics.csv,status,string,3,2,Synthetic field `status` in fairness_metrics.csv; interpret using case context and authority controls.
feature_store.csv,record_id,string,6,6,Synthetic field `record_id` in feature_store.csv; interpret using case context and authority controls.
feature_store.csv,entity_id,string,6,4,Synthetic field `entity_id` in feature_store.csv; interpret using case context and authority controls.
feature_store.csv,event_time,datetime_or_date,6,5,Synthetic field `event_time` in feature_store.csv; interpret using case context and authority controls.
feature_store.csv,status,string,6,5,Synthetic field `status` in feature_store.csv; interpret using case context and authority controls.
feature_store.csv,value,string,6,6,Synthetic field `value` in feature_store.csv; interpret using case context and authority controls.
feature_store.csv,source_system,string,6,5,Synthetic field `source_system` in feature_store.csv; interpret using case context and authority controls.
feature_store.csv,jurisdiction,string,6,5,Synthetic field `jurisdiction` in feature_store.csv; interpret using case context and authority controls.
feature_store.csv,notes,string,6,6,Synthetic field `notes` in feature_store.csv; interpret using case context and authority controls.
fraud_links.csv,record_id,string,5,5,Synthetic field `record_id` in fraud_links.csv; interpret using case context and authority controls.
fraud_links.csv,entity_id,string,5,4,Synthetic field `entity_id` in fraud_links.csv; interpret using case context and authority controls.
fraud_links.csv,event_time,datetime_or_date,5,5,Synthetic field `event_time` in fraud_links.csv; interpret using case context and authority controls.
fraud_links.csv,status,string,5,5,Synthetic field `status` in fraud_links.csv; interpret using case context and authority controls.
fraud_links.csv,value,string,5,5,Synthetic field `value` in fraud_links.csv; interpret using case context and authority controls.
fraud_links.csv,source_system,string,5,5,Synthetic field `source_system` in fraud_links.csv; interpret using case context and authority controls.
fraud_links.csv,jurisdiction,string,5,5,Synthetic field `jurisdiction` in fraud_links.csv; interpret using case context and authority controls.
fraud_links.csv,notes,string,5,5,Synthetic field `notes` in fraud_links.csv; interpret using case context and authority controls.
fraud_referrals.csv,record_id,string,6,6,Synthetic field `record_id` in fraud_referrals.csv; interpret using case context and authority controls.
fraud_referrals.csv,entity_id,string,6,4,Synthetic field `entity_id` in fraud_referrals.csv; interpret using case context and authority controls.
fraud_referrals.csv,event_time,datetime_or_date,6,5,Synthetic field `event_time` in fraud_referrals.csv; interpret using case context and authority controls.
fraud_referrals.csv,status,string,6,5,Synthetic field `status` in fraud_referrals.csv; interpret using case context and authority controls.
fraud_referrals.csv,value,string,6,6,Synthetic field `value` in fraud_referrals.csv; interpret using case context and authority controls.
fraud_referrals.csv,source_system,string,6,5,Synthetic field `source_system` in fraud_referrals.csv; interpret using case context and authority controls.
fraud_referrals.csv,jurisdiction,string,6,5,Synthetic field `jurisdiction` in fraud_referrals.csv; interpret using case context and authority controls.
fraud_referrals.csv,notes,string,6,6,Synthetic field `notes` in fraud_referrals.csv; interpret using case context and authority controls.
functional_evidence.csv,record_id,string,5,5,Synthetic field `record_id` in functional_evidence.csv; interpret using case context and authority controls.
functional_evidence.csv,entity_id,string,5,4,Synthetic field `entity_id` in functional_evidence.csv; interpret using case context and authority controls.
functional_evidence.csv,event_time,datetime_or_date,5,5,Synthetic field `event_time` in functional_evidence.csv; interpret using case context and authority controls.
functional_evidence.csv,status,string,5,5,Synthetic field `status` in functional_evidence.csv; interpret using case context and authority controls.
functional_evidence.csv,value,string,5,5,Synthetic field `value` in functional_evidence.csv; interpret using case context and authority controls.
functional_evidence.csv,source_system,string,5,5,Synthetic field `source_system` in functional_evidence.csv; interpret using case context and authority controls.
functional_evidence.csv,jurisdiction,string,5,5,Synthetic field `jurisdiction` in functional_evidence.csv; interpret using case context and authority controls.
functional_evidence.csv,notes,string,5,5,Synthetic field `notes` in functional_evidence.csv; interpret using case context and authority controls.
fx_rates.csv,record_id,string,5,5,Synthetic field `record_id` in fx_rates.csv; interpret using case context and authority controls.
fx_rates.csv,entity_id,string,5,4,Synthetic field `entity_id` in fx_rates.csv; interpret using case context and authority controls.
fx_rates.csv,event_time,datetime_or_date,5,5,Synthetic field `event_time` in fx_rates.csv; interpret using case context and authority controls.
fx_rates.csv,status,string,5,5,Synthetic field `status` in fx_rates.csv; interpret using case context and authority controls.
fx_rates.csv,value,string,5,5,Synthetic field `value` in fx_rates.csv; interpret using case context and authority controls.
fx_rates.csv,source_system,string,5,5,Synthetic field `source_system` in fx_rates.csv; interpret using case context and authority controls.
fx_rates.csv,jurisdiction,string,5,5,Synthetic field `jurisdiction` in fx_rates.csv; interpret using case context and authority controls.
fx_rates.csv,notes,string,5,5,Synthetic field `notes` in fx_rates.csv; interpret using case context and authority controls.
geocodes.csv,record_id,string,5,5,Synthetic field `record_id` in geocodes.csv; interpret using case context and authority controls.
geocodes.csv,entity_id,string,5,4,Synthetic field `entity_id` in geocodes.csv; interpret using case context and authority controls.
geocodes.csv,event_time,datetime_or_date,5,5,Synthetic field `event_time` in geocodes.csv; interpret using case context and authority controls.
geocodes.csv,status,string,5,5,Synthetic field `status` in geocodes.csv; interpret using case context and authority controls.
geocodes.csv,value,string,5,5,Synthetic field `value` in geocodes.csv; interpret using case context and authority controls.
geocodes.csv,source_system,string,5,5,Synthetic field `source_system` in geocodes.csv; interpret using case context and authority controls.
geocodes.csv,jurisdiction,string,5,5,Synthetic field `jurisdiction` in geocodes.csv; interpret using case context and authority controls.
geocodes.csv,notes,string,5,5,Synthetic field `notes` in geocodes.csv; interpret using case context and authority controls.
glossary_conflicts.csv,record_id,string,5,5,Synthetic field `record_id` in glossary_conflicts.csv; interpret using case context and authority controls.
glossary_conflicts.csv,entity_id,string,5,4,Synthetic field `entity_id` in glossary_conflicts.csv; interpret using case context and authority controls.
glossary_conflicts.csv,event_time,datetime_or_date,5,5,Synthetic field `event_time` in glossary_conflicts.csv; interpret using case context and authority controls.
glossary_conflicts.csv,status,string,5,5,Synthetic field `status` in glossary_conflicts.csv; interpret using case context and authority controls.
glossary_conflicts.csv,value,string,5,5,Synthetic field `value` in glossary_conflicts.csv; interpret using case context and authority controls.
glossary_conflicts.csv,source_system,string,5,5,Synthetic field `source_system` in glossary_conflicts.csv; interpret using case context and authority controls.
glossary_conflicts.csv,jurisdiction,string,5,5,Synthetic field `jurisdiction` in glossary_conflicts.csv; interpret using case context and authority controls.
glossary_conflicts.csv,notes,string,5,5,Synthetic field `notes` in glossary_conflicts.csv; interpret using case context and authority controls.
graph_candidate_questions.csv,record_id,string,5,5,Synthetic field `record_id` in graph_candidate_questions.csv; interpret using case context and authority controls.
graph_candidate_questions.csv,entity_id,string,5,4,Synthetic field `entity_id` in graph_candidate_questions.csv; interpret using case context and authority controls.
graph_candidate_questions.csv,event_time,datetime_or_date,5,5,Synthetic field `event_time` in graph_candidate_questions.csv; interpret using case context and authority controls.
graph_candidate_questions.csv,status,string,5,5,Synthetic field `status` in graph_candidate_questions.csv; interpret using case context and authority controls.
graph_candidate_questions.csv,value,string,5,5,Synthetic field `value` in graph_candidate_questions.csv; interpret using case context and authority controls.
graph_candidate_questions.csv,source_system,string,5,5,Synthetic field `source_system` in graph_candidate_questions.csv; interpret using case context and authority controls.
graph_candidate_questions.csv,jurisdiction,string,5,5,Synthetic field `jurisdiction` in graph_candidate_questions.csv; interpret using case context and authority controls.
graph_candidate_questions.csv,notes,string,5,5,Synthetic field `notes` in graph_candidate_questions.csv; interpret using case context and authority controls.
group_policies.csv,record_id,string,5,5,Synthetic field `record_id` in group_policies.csv; interpret using case context and authority controls.
group_policies.csv,entity_id,string,5,4,Synthetic field `entity_id` in group_policies.csv; interpret using case context and authority controls.
group_policies.csv,event_time,datetime_or_date,5,5,Synthetic field `event_time` in group_policies.csv; interpret using case context and authority controls.
group_policies.csv,status,string,5,5,Synthetic field `status` in group_policies.csv; interpret using case context and authority controls.
group_policies.csv,value,string,5,5,Synthetic field `value` in group_policies.csv; interpret using case context and authority controls.
group_policies.csv,source_system,string,5,5,Synthetic field `source_system` in group_policies.csv; interpret using case context and authority controls.
group_policies.csv,jurisdiction,string,5,5,Synthetic field `jurisdiction` in group_policies.csv; interpret using case context and authority controls.
group_policies.csv,notes,string,5,5,Synthetic field `notes` in group_policies.csv; interpret using case context and authority controls.
health_claims.csv,record_id,string,7,7,Synthetic field `record_id` in health_claims.csv; interpret using case context and authority controls.
health_claims.csv,entity_id,string,7,4,Synthetic field `entity_id` in health_claims.csv; interpret using case context and authority controls.
health_claims.csv,event_time,datetime_or_date,7,5,Synthetic field `event_time` in health_claims.csv; interpret using case context and authority controls.
health_claims.csv,status,string,7,5,Synthetic field `status` in health_claims.csv; interpret using case context and authority controls.
health_claims.csv,value,string,7,7,Synthetic field `value` in health_claims.csv; interpret using case context and authority controls.
health_claims.csv,source_system,string,7,5,Synthetic field `source_system` in health_claims.csv; interpret using case context and authority controls.
health_claims.csv,jurisdiction,string,7,5,Synthetic field `jurisdiction` in health_claims.csv; interpret using case context and authority controls.
health_claims.csv,notes,string,7,7,Synthetic field `notes` in health_claims.csv; interpret using case context and authority controls.
idempotency_records.csv,record_id,string,5,5,Synthetic field `record_id` in idempotency_records.csv; interpret using case context and authority controls.
idempotency_records.csv,entity_id,string,5,4,Synthetic field `entity_id` in idempotency_records.csv; interpret using case context and authority controls.
idempotency_records.csv,event_time,datetime_or_date,5,5,Synthetic field `event_time` in idempotency_records.csv; interpret using case context and authority controls.
idempotency_records.csv,status,string,5,5,Synthetic field `status` in idempotency_records.csv; interpret using case context and authority controls.
idempotency_records.csv,value,string,5,5,Synthetic field `value` in idempotency_records.csv; interpret using case context and authority controls.
idempotency_records.csv,source_system,string,5,5,Synthetic field `source_system` in idempotency_records.csv; interpret using case context and authority controls.
idempotency_records.csv,jurisdiction,string,5,5,Synthetic field `jurisdiction` in idempotency_records.csv; interpret using case context and authority controls.
idempotency_records.csv,notes,string,5,5,Synthetic field `notes` in idempotency_records.csv; interpret using case context and authority controls.
identifier_crosswalk.csv,record_id,string,5,5,Synthetic field `record_id` in identifier_crosswalk.csv; interpret using case context and authority controls.
identifier_crosswalk.csv,entity_id,string,5,4,Synthetic field `entity_id` in identifier_crosswalk.csv; interpret using case context and authority controls.
identifier_crosswalk.csv,event_time,datetime_or_date,5,5,Synthetic field `event_time` in identifier_crosswalk.csv; interpret using case context and authority controls.
identifier_crosswalk.csv,status,string,5,5,Synthetic field `status` in identifier_crosswalk.csv; interpret using case context and authority controls.
identifier_crosswalk.csv,value,string,5,5,Synthetic field `value` in identifier_crosswalk.csv; interpret using case context and authority controls.
identifier_crosswalk.csv,source_system,string,5,5,Synthetic field `source_system` in identifier_crosswalk.csv; interpret using case context and authority controls.
identifier_crosswalk.csv,jurisdiction,string,5,5,Synthetic field `jurisdiction` in identifier_crosswalk.csv; interpret using case context and authority controls.
identifier_crosswalk.csv,notes,string,5,5,Synthetic field `notes` in identifier_crosswalk.csv; interpret using case context and authority controls.
identity_checks.csv,record_id,string,5,5,Synthetic field `record_id` in identity_checks.csv; interpret using case context and authority controls.
identity_checks.csv,entity_id,string,5,4,Synthetic field `entity_id` in identity_checks.csv; interpret using case context and authority controls.
identity_checks.csv,event_time,datetime_or_date,5,5,Synthetic field `event_time` in identity_checks.csv; interpret using case context and authority controls.
identity_checks.csv,status,string,5,5,Synthetic field `status` in identity_checks.csv; interpret using case context and authority controls.
identity_checks.csv,value,string,5,5,Synthetic field `value` in identity_checks.csv; interpret using case context and authority controls.
identity_checks.csv,source_system,string,5,5,Synthetic field `source_system` in identity_checks.csv; interpret using case context and authority controls.
identity_checks.csv,jurisdiction,string,5,5,Synthetic field `jurisdiction` in identity_checks.csv; interpret using case context and authority controls.
identity_checks.csv,notes,string,5,5,Synthetic field `notes` in identity_checks.csv; interpret using case context and authority controls.
ifrs17_groups.csv,record_id,string,5,5,Synthetic field `record_id` in ifrs17_groups.csv; interpret using case context and authority controls.
ifrs17_groups.csv,entity_id,string,5,4,Synthetic field `entity_id` in ifrs17_groups.csv; interpret using case context and authority controls.
ifrs17_groups.csv,event_time,datetime_or_date,5,5,Synthetic field `event_time` in ifrs17_groups.csv; interpret using case context and authority controls.
ifrs17_groups.csv,status,string,5,5,Synthetic field `status` in ifrs17_groups.csv; interpret using case context and authority controls.
ifrs17_groups.csv,value,string,5,5,Synthetic field `value` in ifrs17_groups.csv; interpret using case context and authority controls.
ifrs17_groups.csv,source_system,string,5,5,Synthetic field `source_system` in ifrs17_groups.csv; interpret using case context and authority controls.
ifrs17_groups.csv,jurisdiction,string,5,5,Synthetic field `jurisdiction` in ifrs17_groups.csv; interpret using case context and authority controls.
ifrs17_groups.csv,notes,string,5,5,Synthetic field `notes` in ifrs17_groups.csv; interpret using case context and authority controls.
image_forensics.csv,record_id,string,5,5,Synthetic field `record_id` in image_forensics.csv; interpret using case context and authority controls.
image_forensics.csv,entity_id,string,5,4,Synthetic field `entity_id` in image_forensics.csv; interpret using case context and authority controls.
image_forensics.csv,event_time,datetime_or_date,5,5,Synthetic field `event_time` in image_forensics.csv; interpret using case context and authority controls.
image_forensics.csv,status,string,5,5,Synthetic field `status` in image_forensics.csv; interpret using case context and authority controls.
image_forensics.csv,value,string,5,5,Synthetic field `value` in image_forensics.csv; interpret using case context and authority controls.
image_forensics.csv,source_system,string,5,5,Synthetic field `source_system` in image_forensics.csv; interpret using case context and authority controls.
image_forensics.csv,jurisdiction,string,5,5,Synthetic field `jurisdiction` in image_forensics.csv; interpret using case context and authority controls.
image_forensics.csv,notes,string,5,5,Synthetic field `notes` in image_forensics.csv; interpret using case context and authority controls.
incidents.csv,record_id,string,4,4,Synthetic field `record_id` in incidents.csv; interpret using case context and authority controls.
incidents.csv,entity_id,string,4,4,Synthetic field `entity_id` in incidents.csv; interpret using case context and authority controls.
incidents.csv,event_time,datetime_or_date,4,4,Synthetic field `event_time` in incidents.csv; interpret using case context and authority controls.
incidents.csv,status,string,4,4,Synthetic field `status` in incidents.csv; interpret using case context and authority controls.
incidents.csv,value,string,4,4,Synthetic field `value` in incidents.csv; interpret using case context and authority controls.
incidents.csv,source_system,string,4,4,Synthetic field `source_system` in incidents.csv; interpret using case context and authority controls.
incidents.csv,jurisdiction,string,4,4,Synthetic field `jurisdiction` in incidents.csv; interpret using case context and authority controls.
incidents.csv,notes,string,4,4,Synthetic field `notes` in incidents.csv; interpret using case context and authority controls.
inject_evidence_records.csv,inject_id,string,191,96,Synthetic field `inject_id` in inject_evidence_records.csv; interpret using case context and authority controls.
inject_evidence_records.csv,evidence_record_id,string,191,191,Synthetic field `evidence_record_id` in inject_evidence_records.csv; interpret using case context and authority controls.
inject_evidence_records.csv,domain,string,191,15,Synthetic field `domain` in inject_evidence_records.csv; interpret using case context and authority controls.
inject_evidence_records.csv,title,string,191,96,Synthetic field `title` in inject_evidence_records.csv; interpret using case context and authority controls.
inject_evidence_records.csv,observed_fact,string,191,96,Synthetic field `observed_fact` in inject_evidence_records.csv; interpret using case context and authority controls.
inject_evidence_records.csv,original_evidence_path,string,191,154,Synthetic field `original_evidence_path` in inject_evidence_records.csv; interpret using case context and authority controls.
inject_evidence_records.csv,source_locator,string,191,161,Synthetic field `source_locator` in inject_evidence_records.csv; interpret using case context and authority controls.
inject_evidence_records.csv,authority_class,string,191,2,Synthetic field `authority_class` in inject_evidence_records.csv; interpret using case context and authority controls.
inject_evidence_records.csv,effective_at,string,191,1,Synthetic field `effective_at` in inject_evidence_records.csv; interpret using case context and authority controls.
inject_evidence_records.csv,jurisdiction,string,191,1,Synthetic field `jurisdiction` in inject_evidence_records.csv; interpret using case context and authority controls.
inject_evidence_records.csv,conflict_state,string,191,2,Synthetic field `conflict_state` in inject_evidence_records.csv; interpret using case context and authority controls.
inject_evidence_records.csv,source_sha256,string,191,154,Synthetic field `source_sha256` in inject_evidence_records.csv; interpret using case context and authority controls.
inject_evidence_records.csv,validation_note,string,191,1,Synthetic field `validation_note` in inject_evidence_records.csv; interpret using case context and authority controls.
integration_errors.csv,record_id,string,5,5,Synthetic field `record_id` in integration_errors.csv; interpret using case context and authority controls.
integration_errors.csv,entity_id,string,5,4,Synthetic field `entity_id` in integration_errors.csv; interpret using case context and authority controls.
integration_errors.csv,event_time,datetime_or_date,5,5,Synthetic field `event_time` in integration_errors.csv; interpret using case context and authority controls.
integration_errors.csv,status,string,5,5,Synthetic field `status` in integration_errors.csv; interpret using case context and authority controls.
integration_errors.csv,value,string,5,5,Synthetic field `value` in integration_errors.csv; interpret using case context and authority controls.
integration_errors.csv,source_system,string,5,5,Synthetic field `source_system` in integration_errors.csv; interpret using case context and authority controls.
integration_errors.csv,jurisdiction,string,5,5,Synthetic field `jurisdiction` in integration_errors.csv; interpret using case context and authority controls.
integration_errors.csv,notes,string,5,5,Synthetic field `notes` in integration_errors.csv; interpret using case context and authority controls.
iot_events.csv,record_id,string,5,5,Synthetic field `record_id` in iot_events.csv; interpret using case context and authority controls.
iot_events.csv,entity_id,string,5,4,Synthetic field `entity_id` in iot_events.csv; interpret using case context and authority controls.
iot_events.csv,event_time,datetime_or_date,5,5,Synthetic field `event_time` in iot_events.csv; interpret using case context and authority controls.
iot_events.csv,status,string,5,5,Synthetic field `status` in iot_events.csv; interpret using case context and authority controls.
iot_events.csv,value,string,5,5,Synthetic field `value` in iot_events.csv; interpret using case context and authority controls.
iot_events.csv,source_system,string,5,5,Synthetic field `source_system` in iot_events.csv; interpret using case context and authority controls.
iot_events.csv,jurisdiction,string,5,5,Synthetic field `jurisdiction` in iot_events.csv; interpret using case context and authority controls.
iot_events.csv,notes,string,5,5,Synthetic field `notes` in iot_events.csv; interpret using case context and authority controls.
jurisdiction_rules.csv,record_id,string,5,5,Synthetic field `record_id` in jurisdiction_rules.csv; interpret using case context and authority controls.
jurisdiction_rules.csv,entity_id,string,5,4,Synthetic field `entity_id` in jurisdiction_rules.csv; interpret using case context and authority controls.
jurisdiction_rules.csv,event_time,datetime_or_date,5,5,Synthetic field `event_time` in jurisdiction_rules.csv; interpret using case context and authority controls.
jurisdiction_rules.csv,status,string,5,5,Synthetic field `status` in jurisdiction_rules.csv; interpret using case context and authority controls.
jurisdiction_rules.csv,value,string,5,5,Synthetic field `value` in jurisdiction_rules.csv; interpret using case context and authority controls.
jurisdiction_rules.csv,source_system,string,5,5,Synthetic field `source_system` in jurisdiction_rules.csv; interpret using case context and authority controls.
jurisdiction_rules.csv,jurisdiction,string,5,5,Synthetic field `jurisdiction` in jurisdiction_rules.csv; interpret using case context and authority controls.
jurisdiction_rules.csv,notes,string,5,5,Synthetic field `notes` in jurisdiction_rules.csv; interpret using case context and authority controls.
jurisdictions.csv,record_id,string,4,4,Synthetic field `record_id` in jurisdictions.csv; interpret using case context and authority controls.
jurisdictions.csv,entity_id,string,4,4,Synthetic field `entity_id` in jurisdictions.csv; interpret using case context and authority controls.
jurisdictions.csv,event_time,datetime_or_date,4,4,Synthetic field `event_time` in jurisdictions.csv; interpret using case context and authority controls.
jurisdictions.csv,status,string,4,4,Synthetic field `status` in jurisdictions.csv; interpret using case context and authority controls.
jurisdictions.csv,value,string,4,4,Synthetic field `value` in jurisdictions.csv; interpret using case context and authority controls.
jurisdictions.csv,source_system,string,4,4,Synthetic field `source_system` in jurisdictions.csv; interpret using case context and authority controls.
jurisdictions.csv,jurisdiction,string,4,4,Synthetic field `jurisdiction` in jurisdictions.csv; interpret using case context and authority controls.
jurisdictions.csv,notes,string,4,4,Synthetic field `notes` in jurisdictions.csv; interpret using case context and authority controls.
knowledge_catalog.csv,document_id,string,37,37,Synthetic field `document_id` in knowledge_catalog.csv; interpret using case context and authority controls.
knowledge_catalog.csv,filename,string,37,37,Synthetic field `filename` in knowledge_catalog.csv; interpret using case context and authority controls.
knowledge_catalog.csv,title,string,37,37,Synthetic field `title` in knowledge_catalog.csv; interpret using case context and authority controls.
knowledge_catalog.csv,authority_status,string,37,10,Synthetic field `authority_status` in knowledge_catalog.csv; interpret using case context and authority controls.
knowledge_catalog.csv,effective_from,string,37,2,Synthetic field `effective_from` in knowledge_catalog.csv; interpret using case context and authority controls.
knowledge_catalog.csv,effective_to,string,0,0,Synthetic field `effective_to` in knowledge_catalog.csv; interpret using case context and authority controls.
knowledge_catalog.csv,jurisdiction,string,37,1,Synthetic field `jurisdiction` in knowledge_catalog.csv; interpret using case context and authority controls.
knowledge_catalog.csv,trusted_for_decision,string,37,2,Synthetic field `trusted_for_decision` in knowledge_catalog.csv; interpret using case context and authority controls.
knowledge_catalog.csv,owner,string,37,10,Synthetic field `owner` in knowledge_catalog.csv; interpret using case context and authority controls.
knowledge_catalog.csv,sha256,string,37,37,Synthetic field `sha256` in knowledge_catalog.csv; interpret using case context and authority controls.
knowledge_catalog.csv,prohibited_use,string,37,1,Synthetic field `prohibited_use` in knowledge_catalog.csv; interpret using case context and authority controls.
kpi_conflicts.csv,record_id,string,5,5,Synthetic field `record_id` in kpi_conflicts.csv; interpret using case context and authority controls.
kpi_conflicts.csv,entity_id,string,5,4,Synthetic field `entity_id` in kpi_conflicts.csv; interpret using case context and authority controls.
kpi_conflicts.csv,event_time,datetime_or_date,5,5,Synthetic field `event_time` in kpi_conflicts.csv; interpret using case context and authority controls.
kpi_conflicts.csv,status,string,5,5,Synthetic field `status` in kpi_conflicts.csv; interpret using case context and authority controls.
kpi_conflicts.csv,value,string,5,5,Synthetic field `value` in kpi_conflicts.csv; interpret using case context and authority controls.
kpi_conflicts.csv,source_system,string,5,5,Synthetic field `source_system` in kpi_conflicts.csv; interpret using case context and authority controls.
kpi_conflicts.csv,jurisdiction,string,5,5,Synthetic field `jurisdiction` in kpi_conflicts.csv; interpret using case context and authority controls.
kpi_conflicts.csv,notes,string,5,5,Synthetic field `notes` in kpi_conflicts.csv; interpret using case context and authority controls.
legal_entities.csv,record_id,string,6,6,Synthetic field `record_id` in legal_entities.csv; interpret using case context and authority controls.
legal_entities.csv,entity_id,string,6,4,Synthetic field `entity_id` in legal_entities.csv; interpret using case context and authority controls.
legal_entities.csv,event_time,datetime_or_date,6,5,Synthetic field `event_time` in legal_entities.csv; interpret using case context and authority controls.
legal_entities.csv,status,string,6,5,Synthetic field `status` in legal_entities.csv; interpret using case context and authority controls.
legal_entities.csv,value,string,6,6,Synthetic field `value` in legal_entities.csv; interpret using case context and authority controls.
legal_entities.csv,source_system,string,6,5,Synthetic field `source_system` in legal_entities.csv; interpret using case context and authority controls.
legal_entities.csv,jurisdiction,string,6,5,Synthetic field `jurisdiction` in legal_entities.csv; interpret using case context and authority controls.
legal_entities.csv,notes,string,6,6,Synthetic field `notes` in legal_entities.csv; interpret using case context and authority controls.
legal_holds.csv,record_id,string,5,5,Synthetic field `record_id` in legal_holds.csv; interpret using case context and authority controls.
legal_holds.csv,entity_id,string,5,4,Synthetic field `entity_id` in legal_holds.csv; interpret using case context and authority controls.
legal_holds.csv,event_time,datetime_or_date,5,5,Synthetic field `event_time` in legal_holds.csv; interpret using case context and authority controls.
legal_holds.csv,status,string,5,5,Synthetic field `status` in legal_holds.csv; interpret using case context and authority controls.
legal_holds.csv,value,string,5,5,Synthetic field `value` in legal_holds.csv; interpret using case context and authority controls.
legal_holds.csv,source_system,string,5,5,Synthetic field `source_system` in legal_holds.csv; interpret using case context and authority controls.
legal_holds.csv,jurisdiction,string,5,5,Synthetic field `jurisdiction` in legal_holds.csv; interpret using case context and authority controls.
legal_holds.csv,notes,string,5,5,Synthetic field `notes` in legal_holds.csv; interpret using case context and authority controls.
life_applications.csv,record_id,string,6,6,Synthetic field `record_id` in life_applications.csv; interpret using case context and authority controls.
life_applications.csv,entity_id,string,6,4,Synthetic field `entity_id` in life_applications.csv; interpret using case context and authority controls.
life_applications.csv,event_time,datetime_or_date,6,5,Synthetic field `event_time` in life_applications.csv; interpret using case context and authority controls.
life_applications.csv,status,string,6,5,Synthetic field `status` in life_applications.csv; interpret using case context and authority controls.
life_applications.csv,value,string,6,6,Synthetic field `value` in life_applications.csv; interpret using case context and authority controls.
life_applications.csv,source_system,string,6,5,Synthetic field `source_system` in life_applications.csv; interpret using case context and authority controls.
life_applications.csv,jurisdiction,string,6,5,Synthetic field `jurisdiction` in life_applications.csv; interpret using case context and authority controls.
life_applications.csv,notes,string,6,6,Synthetic field `notes` in life_applications.csv; interpret using case context and authority controls.
life_claims.csv,record_id,string,5,5,Synthetic field `record_id` in life_claims.csv; interpret using case context and authority controls.
life_claims.csv,entity_id,string,5,4,Synthetic field `entity_id` in life_claims.csv; interpret using case context and authority controls.
life_claims.csv,event_time,datetime_or_date,5,5,Synthetic field `event_time` in life_claims.csv; interpret using case context and authority controls.
life_claims.csv,status,string,5,5,Synthetic field `status` in life_claims.csv; interpret using case context and authority controls.
life_claims.csv,value,string,5,5,Synthetic field `value` in life_claims.csv; interpret using case context and authority controls.
life_claims.csv,source_system,string,5,5,Synthetic field `source_system` in life_claims.csv; interpret using case context and authority controls.
life_claims.csv,jurisdiction,string,5,5,Synthetic field `jurisdiction` in life_claims.csv; interpret using case context and authority controls.
life_claims.csv,notes,string,5,5,Synthetic field `notes` in life_claims.csv; interpret using case context and authority controls.
lineage_edges.csv,record_id,string,4,4,Synthetic field `record_id` in lineage_edges.csv; interpret using case context and authority controls.
lineage_edges.csv,entity_id,string,4,4,Synthetic field `entity_id` in lineage_edges.csv; interpret using case context and authority controls.
lineage_edges.csv,event_time,datetime_or_date,4,4,Synthetic field `event_time` in lineage_edges.csv; interpret using case context and authority controls.
lineage_edges.csv,status,string,4,4,Synthetic field `status` in lineage_edges.csv; interpret using case context and authority controls.
lineage_edges.csv,value,string,4,4,Synthetic field `value` in lineage_edges.csv; interpret using case context and authority controls.
lineage_edges.csv,source_system,string,4,4,Synthetic field `source_system` in lineage_edges.csv; interpret using case context and authority controls.
lineage_edges.csv,jurisdiction,string,4,4,Synthetic field `jurisdiction` in lineage_edges.csv; interpret using case context and authority controls.
lineage_edges.csv,notes,string,4,4,Synthetic field `notes` in lineage_edges.csv; interpret using case context and authority controls.
locations.csv,record_id,string,4,4,Synthetic field `record_id` in locations.csv; interpret using case context and authority controls.
locations.csv,entity_id,string,4,4,Synthetic field `entity_id` in locations.csv; interpret using case context and authority controls.
locations.csv,event_time,datetime_or_date,4,4,Synthetic field `event_time` in locations.csv; interpret using case context and authority controls.
locations.csv,status,string,4,4,Synthetic field `status` in locations.csv; interpret using case context and authority controls.
locations.csv,value,string,4,4,Synthetic field `value` in locations.csv; interpret using case context and authority controls.
locations.csv,source_system,string,4,4,Synthetic field `source_system` in locations.csv; interpret using case context and authority controls.
locations.csv,jurisdiction,string,4,4,Synthetic field `jurisdiction` in locations.csv; interpret using case context and authority controls.
locations.csv,notes,string,4,4,Synthetic field `notes` in locations.csv; interpret using case context and authority controls.
loss_events.csv,loss_event_id,string,3,3,Synthetic field `loss_event_id` in loss_events.csv; interpret using case context and authority controls.
loss_events.csv,claim_ids,string,3,3,Synthetic field `claim_ids` in loss_events.csv; interpret using case context and authority controls.
loss_events.csv,occurred_start,datetime_or_date,3,3,Synthetic field `occurred_start` in loss_events.csv; interpret using case context and authority controls.
loss_events.csv,occurred_end,datetime_or_date,2,2,Synthetic field `occurred_end` in loss_events.csv; interpret using case context and authority controls.
loss_events.csv,reported_timezone,string,3,3,Synthetic field `reported_timezone` in loss_events.csv; interpret using case context and authority controls.
loss_events.csv,normalized_start_utc,datetime_or_date,3,3,Synthetic field `normalized_start_utc` in loss_events.csv; interpret using case context and authority controls.
loss_events.csv,normalized_end_utc,datetime_or_date,2,2,Synthetic field `normalized_end_utc` in loss_events.csv; interpret using case context and authority controls.
loss_events.csv,peril,string,3,3,Synthetic field `peril` in loss_events.csv; interpret using case context and authority controls.
loss_events.csv,source_system,string,3,3,Synthetic field `source_system` in loss_events.csv; interpret using case context and authority controls.
loss_events.csv,status,string,3,3,Synthetic field `status` in loss_events.csv; interpret using case context and authority controls.
loss_events.csv,notes,string,3,3,Synthetic field `notes` in loss_events.csv; interpret using case context and authority controls.
manual_claim_intake.csv,record_id,string,5,5,Synthetic field `record_id` in manual_claim_intake.csv; interpret using case context and authority controls.
manual_claim_intake.csv,entity_id,string,5,4,Synthetic field `entity_id` in manual_claim_intake.csv; interpret using case context and authority controls.
manual_claim_intake.csv,event_time,datetime_or_date,5,5,Synthetic field `event_time` in manual_claim_intake.csv; interpret using case context and authority controls.
manual_claim_intake.csv,status,string,5,5,Synthetic field `status` in manual_claim_intake.csv; interpret using case context and authority controls.
manual_claim_intake.csv,value,string,5,5,Synthetic field `value` in manual_claim_intake.csv; interpret using case context and authority controls.
manual_claim_intake.csv,source_system,string,5,5,Synthetic field `source_system` in manual_claim_intake.csv; interpret using case context and authority controls.
manual_claim_intake.csv,jurisdiction,string,5,5,Synthetic field `jurisdiction` in manual_claim_intake.csv; interpret using case context and authority controls.
manual_claim_intake.csv,notes,string,5,5,Synthetic field `notes` in manual_claim_intake.csv; interpret using case context and authority controls.
manual_fallback_steps.csv,record_id,string,4,4,Synthetic field `record_id` in manual_fallback_steps.csv; interpret using case context and authority controls.
manual_fallback_steps.csv,entity_id,string,4,4,Synthetic field `entity_id` in manual_fallback_steps.csv; interpret using case context and authority controls.
manual_fallback_steps.csv,event_time,datetime_or_date,4,4,Synthetic field `event_time` in manual_fallback_steps.csv; interpret using case context and authority controls.
manual_fallback_steps.csv,status,string,4,4,Synthetic field `status` in manual_fallback_steps.csv; interpret using case context and authority controls.
manual_fallback_steps.csv,value,string,4,4,Synthetic field `value` in manual_fallback_steps.csv; interpret using case context and authority controls.
manual_fallback_steps.csv,source_system,string,4,4,Synthetic field `source_system` in manual_fallback_steps.csv; interpret using case context and authority controls.
manual_fallback_steps.csv,jurisdiction,string,4,4,Synthetic field `jurisdiction` in manual_fallback_steps.csv; interpret using case context and authority controls.
manual_fallback_steps.csv,notes,string,4,4,Synthetic field `notes` in manual_fallback_steps.csv; interpret using case context and authority controls.
marine_shipments.csv,record_id,string,4,4,Synthetic field `record_id` in marine_shipments.csv; interpret using case context and authority controls.
marine_shipments.csv,entity_id,string,4,4,Synthetic field `entity_id` in marine_shipments.csv; interpret using case context and authority controls.
marine_shipments.csv,event_time,datetime_or_date,4,4,Synthetic field `event_time` in marine_shipments.csv; interpret using case context and authority controls.
marine_shipments.csv,status,string,4,4,Synthetic field `status` in marine_shipments.csv; interpret using case context and authority controls.
marine_shipments.csv,value,string,4,4,Synthetic field `value` in marine_shipments.csv; interpret using case context and authority controls.
marine_shipments.csv,source_system,string,4,4,Synthetic field `source_system` in marine_shipments.csv; interpret using case context and authority controls.
marine_shipments.csv,jurisdiction,string,4,4,Synthetic field `jurisdiction` in marine_shipments.csv; interpret using case context and authority controls.
marine_shipments.csv,notes,string,4,4,Synthetic field `notes` in marine_shipments.csv; interpret using case context and authority controls.
marketing_materials.csv,record_id,string,5,5,Synthetic field `record_id` in marketing_materials.csv; interpret using case context and authority controls.
marketing_materials.csv,entity_id,string,5,4,Synthetic field `entity_id` in marketing_materials.csv; interpret using case context and authority controls.
marketing_materials.csv,event_time,datetime_or_date,5,5,Synthetic field `event_time` in marketing_materials.csv; interpret using case context and authority controls.
marketing_materials.csv,status,string,5,5,Synthetic field `status` in marketing_materials.csv; interpret using case context and authority controls.
marketing_materials.csv,value,string,5,5,Synthetic field `value` in marketing_materials.csv; interpret using case context and authority controls.
marketing_materials.csv,source_system,string,5,5,Synthetic field `source_system` in marketing_materials.csv; interpret using case context and authority controls.
marketing_materials.csv,jurisdiction,string,5,5,Synthetic field `jurisdiction` in marketing_materials.csv; interpret using case context and authority controls.
marketing_materials.csv,notes,string,5,5,Synthetic field `notes` in marketing_materials.csv; interpret using case context and authority controls.
medical_evidence.csv,record_id,string,5,5,Synthetic field `record_id` in medical_evidence.csv; interpret using case context and authority controls.
medical_evidence.csv,entity_id,string,5,4,Synthetic field `entity_id` in medical_evidence.csv; interpret using case context and authority controls.
medical_evidence.csv,event_time,datetime_or_date,5,5,Synthetic field `event_time` in medical_evidence.csv; interpret using case context and authority controls.
medical_evidence.csv,status,string,5,5,Synthetic field `status` in medical_evidence.csv; interpret using case context and authority controls.
medical_evidence.csv,value,string,5,5,Synthetic field `value` in medical_evidence.csv; interpret using case context and authority controls.
medical_evidence.csv,source_system,string,5,5,Synthetic field `source_system` in medical_evidence.csv; interpret using case context and authority controls.
medical_evidence.csv,jurisdiction,string,5,5,Synthetic field `jurisdiction` in medical_evidence.csv; interpret using case context and authority controls.
medical_evidence.csv,notes,string,5,5,Synthetic field `notes` in medical_evidence.csv; interpret using case context and authority controls.
medical_providers.csv,record_id,string,4,4,Synthetic field `record_id` in medical_providers.csv; interpret using case context and authority controls.
medical_providers.csv,entity_id,string,4,4,Synthetic field `entity_id` in medical_providers.csv; interpret using case context and authority controls.
medical_providers.csv,event_time,datetime_or_date,4,4,Synthetic field `event_time` in medical_providers.csv; interpret using case context and authority controls.
medical_providers.csv,status,string,4,4,Synthetic field `status` in medical_providers.csv; interpret using case context and authority controls.
medical_providers.csv,value,string,4,4,Synthetic field `value` in medical_providers.csv; interpret using case context and authority controls.
medical_providers.csv,source_system,string,4,4,Synthetic field `source_system` in medical_providers.csv; interpret using case context and authority controls.
medical_providers.csv,jurisdiction,string,4,4,Synthetic field `jurisdiction` in medical_providers.csv; interpret using case context and authority controls.
medical_providers.csv,notes,string,4,4,Synthetic field `notes` in medical_providers.csv; interpret using case context and authority controls.
member_certificates.csv,record_id,string,5,5,Synthetic field `record_id` in member_certificates.csv; interpret using case context and authority controls.
member_certificates.csv,entity_id,string,5,4,Synthetic field `entity_id` in member_certificates.csv; interpret using case context and authority controls.
member_certificates.csv,event_time,datetime_or_date,5,5,Synthetic field `event_time` in member_certificates.csv; interpret using case context and authority controls.
member_certificates.csv,status,string,5,5,Synthetic field `status` in member_certificates.csv; interpret using case context and authority controls.
member_certificates.csv,value,string,5,5,Synthetic field `value` in member_certificates.csv; interpret using case context and authority controls.
member_certificates.csv,source_system,string,5,5,Synthetic field `source_system` in member_certificates.csv; interpret using case context and authority controls.
member_certificates.csv,jurisdiction,string,5,5,Synthetic field `jurisdiction` in member_certificates.csv; interpret using case context and authority controls.
member_certificates.csv,notes,string,5,5,Synthetic field `notes` in member_certificates.csv; interpret using case context and authority controls.
member_eligibility.csv,record_id,string,5,5,Synthetic field `record_id` in member_eligibility.csv; interpret using case context and authority controls.
member_eligibility.csv,entity_id,string,5,4,Synthetic field `entity_id` in member_eligibility.csv; interpret using case context and authority controls.
member_eligibility.csv,event_time,datetime_or_date,5,5,Synthetic field `event_time` in member_eligibility.csv; interpret using case context and authority controls.
member_eligibility.csv,status,string,5,5,Synthetic field `status` in member_eligibility.csv; interpret using case context and authority controls.
member_eligibility.csv,value,string,5,5,Synthetic field `value` in member_eligibility.csv; interpret using case context and authority controls.
member_eligibility.csv,source_system,string,5,5,Synthetic field `source_system` in member_eligibility.csv; interpret using case context and authority controls.
member_eligibility.csv,jurisdiction,string,5,5,Synthetic field `jurisdiction` in member_eligibility.csv; interpret using case context and authority controls.
member_eligibility.csv,notes,string,5,5,Synthetic field `notes` in member_eligibility.csv; interpret using case context and authority controls.
model_artifacts.csv,model_id,string,2,2,Synthetic field `model_id` in model_artifacts.csv; interpret using case context and authority controls.
model_artifacts.csv,deployed_version,string,2,2,Synthetic field `deployed_version` in model_artifacts.csv; interpret using case context and authority controls.
model_artifacts.csv,observed_hash,string,2,2,Synthetic field `observed_hash` in model_artifacts.csv; interpret using case context and authority controls.
model_artifacts.csv,registry_hash,string,2,2,Synthetic field `registry_hash` in model_artifacts.csv; interpret using case context and authority controls.
model_artifacts.csv,region,string,2,2,Synthetic field `region` in model_artifacts.csv; interpret using case context and authority controls.
model_artifacts.csv,status,string,2,2,Synthetic field `status` in model_artifacts.csv; interpret using case context and authority controls.
model_costs.csv,provider,string,2,1,Synthetic field `provider` in model_costs.csv; interpret using case context and authority controls.
model_costs.csv,model,string,2,2,Synthetic field `model` in model_costs.csv; interpret using case context and authority controls.
model_costs.csv,effective_date,datetime_or_date,2,1,Synthetic field `effective_date` in model_costs.csv; interpret using case context and authority controls.
model_costs.csv,input_per_million,number,2,2,Synthetic field `input_per_million` in model_costs.csv; interpret using case context and authority controls.
model_costs.csv,output_per_million,number,2,2,Synthetic field `output_per_million` in model_costs.csv; interpret using case context and authority controls.
model_costs.csv,currency,string,2,1,Synthetic field `currency` in model_costs.csv; interpret using case context and authority controls.
model_costs.csv,change,string,2,2,Synthetic field `change` in model_costs.csv; interpret using case context and authority controls.
model_endpoints.csv,record_id,string,6,6,Synthetic field `record_id` in model_endpoints.csv; interpret using case context and authority controls.
model_endpoints.csv,entity_id,string,6,4,Synthetic field `entity_id` in model_endpoints.csv; interpret using case context and authority controls.
model_endpoints.csv,event_time,datetime_or_date,6,5,Synthetic field `event_time` in model_endpoints.csv; interpret using case context and authority controls.
model_endpoints.csv,status,string,6,5,Synthetic field `status` in model_endpoints.csv; interpret using case context and authority controls.
model_endpoints.csv,value,string,6,6,Synthetic field `value` in model_endpoints.csv; interpret using case context and authority controls.
model_endpoints.csv,source_system,string,6,5,Synthetic field `source_system` in model_endpoints.csv; interpret using case context and authority controls.
model_endpoints.csv,jurisdiction,string,6,5,Synthetic field `jurisdiction` in model_endpoints.csv; interpret using case context and authority controls.
model_endpoints.csv,notes,string,6,6,Synthetic field `notes` in model_endpoints.csv; interpret using case context and authority controls.
model_performance.csv,model_id,string,4,2,Synthetic field `model_id` in model_performance.csv; interpret using case context and authority controls.
model_performance.csv,segment,string,4,4,Synthetic field `segment` in model_performance.csv; interpret using case context and authority controls.
model_performance.csv,groundedness,number,4,4,Synthetic field `groundedness` in model_performance.csv; interpret using case context and authority controls.
model_performance.csv,citation_accuracy,number,4,4,Synthetic field `citation_accuracy` in model_performance.csv; interpret using case context and authority controls.
model_performance.csv,schema_pass,number,4,3,Synthetic field `schema_pass` in model_performance.csv; interpret using case context and authority controls.
model_registry.csv,model_id,string,3,3,Synthetic field `model_id` in model_registry.csv; interpret using case context and authority controls.
model_registry.csv,purpose,string,3,3,Synthetic field `purpose` in model_registry.csv; interpret using case context and authority controls.
model_registry.csv,version,string,3,3,Synthetic field `version` in model_registry.csv; interpret using case context and authority controls.
model_registry.csv,approved_hash,string,3,3,Synthetic field `approved_hash` in model_registry.csv; interpret using case context and authority controls.
model_registry.csv,approval_status,string,3,2,Synthetic field `approval_status` in model_registry.csv; interpret using case context and authority controls.
model_registry.csv,risk_tier,string,3,2,Synthetic field `risk_tier` in model_registry.csv; interpret using case context and authority controls.
model_training_labels.csv,record_id,string,5,5,Synthetic field `record_id` in model_training_labels.csv; interpret using case context and authority controls.
model_training_labels.csv,entity_id,string,5,4,Synthetic field `entity_id` in model_training_labels.csv; interpret using case context and authority controls.
model_training_labels.csv,event_time,datetime_or_date,5,5,Synthetic field `event_time` in model_training_labels.csv; interpret using case context and authority controls.
model_training_labels.csv,status,string,5,5,Synthetic field `status` in model_training_labels.csv; interpret using case context and authority controls.
model_training_labels.csv,value,string,5,5,Synthetic field `value` in model_training_labels.csv; interpret using case context and authority controls.
model_training_labels.csv,source_system,string,5,5,Synthetic field `source_system` in model_training_labels.csv; interpret using case context and authority controls.
model_training_labels.csv,jurisdiction,string,5,5,Synthetic field `jurisdiction` in model_training_labels.csv; interpret using case context and authority controls.
model_training_labels.csv,notes,string,5,5,Synthetic field `notes` in model_training_labels.csv; interpret using case context and authority controls.
model_usage.csv,record_id,string,5,5,Synthetic field `record_id` in model_usage.csv; interpret using case context and authority controls.
model_usage.csv,entity_id,string,5,4,Synthetic field `entity_id` in model_usage.csv; interpret using case context and authority controls.
model_usage.csv,event_time,datetime_or_date,5,5,Synthetic field `event_time` in model_usage.csv; interpret using case context and authority controls.
model_usage.csv,status,string,5,5,Synthetic field `status` in model_usage.csv; interpret using case context and authority controls.
model_usage.csv,value,string,5,5,Synthetic field `value` in model_usage.csv; interpret using case context and authority controls.
model_usage.csv,source_system,string,5,5,Synthetic field `source_system` in model_usage.csv; interpret using case context and authority controls.
model_usage.csv,jurisdiction,string,5,5,Synthetic field `jurisdiction` in model_usage.csv; interpret using case context and authority controls.
model_usage.csv,notes,string,5,5,Synthetic field `notes` in model_usage.csv; interpret using case context and authority controls.
models.csv,record_id,string,4,4,Synthetic field `record_id` in models.csv; interpret using case context and authority controls.
models.csv,entity_id,string,4,4,Synthetic field `entity_id` in models.csv; interpret using case context and authority controls.
models.csv,event_time,datetime_or_date,4,4,Synthetic field `event_time` in models.csv; interpret using case context and authority controls.
models.csv,status,string,4,4,Synthetic field `status` in models.csv; interpret using case context and authority controls.
models.csv,value,string,4,4,Synthetic field `value` in models.csv; interpret using case context and authority controls.
models.csv,source_system,string,4,4,Synthetic field `source_system` in models.csv; interpret using case context and authority controls.
models.csv,jurisdiction,string,4,4,Synthetic field `jurisdiction` in models.csv; interpret using case context and authority controls.
models.csv,notes,string,4,4,Synthetic field `notes` in models.csv; interpret using case context and authority controls.
motor_claims.csv,record_id,string,5,5,Synthetic field `record_id` in motor_claims.csv; interpret using case context and authority controls.
motor_claims.csv,entity_id,string,5,4,Synthetic field `entity_id` in motor_claims.csv; interpret using case context and authority controls.
motor_claims.csv,event_time,datetime_or_date,5,5,Synthetic field `event_time` in motor_claims.csv; interpret using case context and authority controls.
motor_claims.csv,status,string,5,5,Synthetic field `status` in motor_claims.csv; interpret using case context and authority controls.
motor_claims.csv,value,string,5,5,Synthetic field `value` in motor_claims.csv; interpret using case context and authority controls.
motor_claims.csv,source_system,string,5,5,Synthetic field `source_system` in motor_claims.csv; interpret using case context and authority controls.
motor_claims.csv,jurisdiction,string,5,5,Synthetic field `jurisdiction` in motor_claims.csv; interpret using case context and authority controls.
motor_claims.csv,notes,string,5,5,Synthetic field `notes` in motor_claims.csv; interpret using case context and authority controls.
multilingual_claims.csv,record_id,string,5,5,Synthetic field `record_id` in multilingual_claims.csv; interpret using case context and authority controls.
multilingual_claims.csv,entity_id,string,5,4,Synthetic field `entity_id` in multilingual_claims.csv; interpret using case context and authority controls.
multilingual_claims.csv,event_time,datetime_or_date,5,5,Synthetic field `event_time` in multilingual_claims.csv; interpret using case context and authority controls.
multilingual_claims.csv,status,string,5,5,Synthetic field `status` in multilingual_claims.csv; interpret using case context and authority controls.
multilingual_claims.csv,value,string,5,5,Synthetic field `value` in multilingual_claims.csv; interpret using case context and authority controls.
multilingual_claims.csv,source_system,string,5,5,Synthetic field `source_system` in multilingual_claims.csv; interpret using case context and authority controls.
multilingual_claims.csv,jurisdiction,string,5,5,Synthetic field `jurisdiction` in multilingual_claims.csv; interpret using case context and authority controls.
multilingual_claims.csv,notes,string,5,5,Synthetic field `notes` in multilingual_claims.csv; interpret using case context and authority controls.
network_zones.csv,record_id,string,5,5,Synthetic field `record_id` in network_zones.csv; interpret using case context and authority controls.
network_zones.csv,entity_id,string,5,4,Synthetic field `entity_id` in network_zones.csv; interpret using case context and authority controls.
network_zones.csv,event_time,datetime_or_date,5,5,Synthetic field `event_time` in network_zones.csv; interpret using case context and authority controls.
network_zones.csv,status,string,5,5,Synthetic field `status` in network_zones.csv; interpret using case context and authority controls.
network_zones.csv,value,string,5,5,Synthetic field `value` in network_zones.csv; interpret using case context and authority controls.
network_zones.csv,source_system,string,5,5,Synthetic field `source_system` in network_zones.csv; interpret using case context and authority controls.
network_zones.csv,jurisdiction,string,5,5,Synthetic field `jurisdiction` in network_zones.csv; interpret using case context and authority controls.
network_zones.csv,notes,string,5,5,Synthetic field `notes` in network_zones.csv; interpret using case context and authority controls.
no_ai_baselines.csv,record_id,string,6,6,Synthetic field `record_id` in no_ai_baselines.csv; interpret using case context and authority controls.
no_ai_baselines.csv,entity_id,string,6,4,Synthetic field `entity_id` in no_ai_baselines.csv; interpret using case context and authority controls.
no_ai_baselines.csv,event_time,datetime_or_date,6,5,Synthetic field `event_time` in no_ai_baselines.csv; interpret using case context and authority controls.
no_ai_baselines.csv,status,string,6,5,Synthetic field `status` in no_ai_baselines.csv; interpret using case context and authority controls.
no_ai_baselines.csv,value,string,6,6,Synthetic field `value` in no_ai_baselines.csv; interpret using case context and authority controls.
no_ai_baselines.csv,source_system,string,6,5,Synthetic field `source_system` in no_ai_baselines.csv; interpret using case context and authority controls.
no_ai_baselines.csv,jurisdiction,string,6,5,Synthetic field `jurisdiction` in no_ai_baselines.csv; interpret using case context and authority controls.
no_ai_baselines.csv,notes,string,6,6,Synthetic field `notes` in no_ai_baselines.csv; interpret using case context and authority controls.
ombudsman_cases.csv,record_id,string,4,4,Synthetic field `record_id` in ombudsman_cases.csv; interpret using case context and authority controls.
ombudsman_cases.csv,entity_id,string,4,4,Synthetic field `entity_id` in ombudsman_cases.csv; interpret using case context and authority controls.
ombudsman_cases.csv,event_time,datetime_or_date,4,4,Synthetic field `event_time` in ombudsman_cases.csv; interpret using case context and authority controls.
ombudsman_cases.csv,status,string,4,4,Synthetic field `status` in ombudsman_cases.csv; interpret using case context and authority controls.
ombudsman_cases.csv,value,string,4,4,Synthetic field `value` in ombudsman_cases.csv; interpret using case context and authority controls.
ombudsman_cases.csv,source_system,string,4,4,Synthetic field `source_system` in ombudsman_cases.csv; interpret using case context and authority controls.
ombudsman_cases.csv,jurisdiction,string,4,4,Synthetic field `jurisdiction` in ombudsman_cases.csv; interpret using case context and authority controls.
ombudsman_cases.csv,notes,string,4,4,Synthetic field `notes` in ombudsman_cases.csv; interpret using case context and authority controls.
ontology_seed.csv,record_id,string,5,5,Synthetic field `record_id` in ontology_seed.csv; interpret using case context and authority controls.
ontology_seed.csv,entity_id,string,5,4,Synthetic field `entity_id` in ontology_seed.csv; interpret using case context and authority controls.
ontology_seed.csv,event_time,datetime_or_date,5,5,Synthetic field `event_time` in ontology_seed.csv; interpret using case context and authority controls.
ontology_seed.csv,status,string,5,5,Synthetic field `status` in ontology_seed.csv; interpret using case context and authority controls.
ontology_seed.csv,value,string,5,5,Synthetic field `value` in ontology_seed.csv; interpret using case context and authority controls.
ontology_seed.csv,source_system,string,5,5,Synthetic field `source_system` in ontology_seed.csv; interpret using case context and authority controls.
ontology_seed.csv,jurisdiction,string,5,5,Synthetic field `jurisdiction` in ontology_seed.csv; interpret using case context and authority controls.
ontology_seed.csv,notes,string,5,5,Synthetic field `notes` in ontology_seed.csv; interpret using case context and authority controls.
organisations.csv,record_id,string,4,4,Synthetic field `record_id` in organisations.csv; interpret using case context and authority controls.
organisations.csv,entity_id,string,4,4,Synthetic field `entity_id` in organisations.csv; interpret using case context and authority controls.
organisations.csv,event_time,datetime_or_date,4,4,Synthetic field `event_time` in organisations.csv; interpret using case context and authority controls.
organisations.csv,status,string,4,4,Synthetic field `status` in organisations.csv; interpret using case context and authority controls.
organisations.csv,value,string,4,4,Synthetic field `value` in organisations.csv; interpret using case context and authority controls.
organisations.csv,source_system,string,4,4,Synthetic field `source_system` in organisations.csv; interpret using case context and authority controls.
organisations.csv,jurisdiction,string,4,4,Synthetic field `jurisdiction` in organisations.csv; interpret using case context and authority controls.
organisations.csv,notes,string,4,4,Synthetic field `notes` in organisations.csv; interpret using case context and authority controls.
override_events.csv,record_id,string,5,5,Synthetic field `record_id` in override_events.csv; interpret using case context and authority controls.
override_events.csv,entity_id,string,5,4,Synthetic field `entity_id` in override_events.csv; interpret using case context and authority controls.
override_events.csv,event_time,datetime_or_date,5,5,Synthetic field `event_time` in override_events.csv; interpret using case context and authority controls.
override_events.csv,status,string,5,5,Synthetic field `status` in override_events.csv; interpret using case context and authority controls.
override_events.csv,value,string,5,5,Synthetic field `value` in override_events.csv; interpret using case context and authority controls.
override_events.csv,source_system,string,5,5,Synthetic field `source_system` in override_events.csv; interpret using case context and authority controls.
override_events.csv,jurisdiction,string,5,5,Synthetic field `jurisdiction` in override_events.csv; interpret using case context and authority controls.
override_events.csv,notes,string,5,5,Synthetic field `notes` in override_events.csv; interpret using case context and authority controls.
parametric_contracts.csv,record_id,string,6,6,Synthetic field `record_id` in parametric_contracts.csv; interpret using case context and authority controls.
parametric_contracts.csv,entity_id,string,6,4,Synthetic field `entity_id` in parametric_contracts.csv; interpret using case context and authority controls.
parametric_contracts.csv,event_time,datetime_or_date,6,5,Synthetic field `event_time` in parametric_contracts.csv; interpret using case context and authority controls.
parametric_contracts.csv,status,string,6,5,Synthetic field `status` in parametric_contracts.csv; interpret using case context and authority controls.
parametric_contracts.csv,value,string,6,6,Synthetic field `value` in parametric_contracts.csv; interpret using case context and authority controls.
parametric_contracts.csv,source_system,string,6,5,Synthetic field `source_system` in parametric_contracts.csv; interpret using case context and authority controls.
parametric_contracts.csv,jurisdiction,string,6,5,Synthetic field `jurisdiction` in parametric_contracts.csv; interpret using case context and authority controls.
parametric_contracts.csv,notes,string,6,6,Synthetic field `notes` in parametric_contracts.csv; interpret using case context and authority controls.
parties.csv,party_id,string,4,4,Synthetic field `party_id` in parties.csv; interpret using case context and authority controls.
parties.csv,name,string,4,4,Synthetic field `name` in parties.csv; interpret using case context and authority controls.
parties.csv,dob,datetime_or_date,3,2,Synthetic field `dob` in parties.csv; interpret using case context and authority controls.
parties.csv,country,string,4,3,Synthetic field `country` in parties.csv; interpret using case context and authority controls.
parties.csv,sensitivity,string,4,2,Synthetic field `sensitivity` in parties.csv; interpret using case context and authority controls.
party_roles.csv,party_id,string,4,2,Synthetic field `party_id` in party_roles.csv; interpret using case context and authority controls.
party_roles.csv,role,string,4,4,Synthetic field `role` in party_roles.csv; interpret using case context and authority controls.
party_roles.csv,context_id,string,4,3,Synthetic field `context_id` in party_roles.csv; interpret using case context and authority controls.
payment_changes.csv,record_id,string,5,5,Synthetic field `record_id` in payment_changes.csv; interpret using case context and authority controls.
payment_changes.csv,entity_id,string,5,4,Synthetic field `entity_id` in payment_changes.csv; interpret using case context and authority controls.
payment_changes.csv,event_time,datetime_or_date,5,5,Synthetic field `event_time` in payment_changes.csv; interpret using case context and authority controls.
payment_changes.csv,status,string,5,5,Synthetic field `status` in payment_changes.csv; interpret using case context and authority controls.
payment_changes.csv,value,string,5,5,Synthetic field `value` in payment_changes.csv; interpret using case context and authority controls.
payment_changes.csv,source_system,string,5,5,Synthetic field `source_system` in payment_changes.csv; interpret using case context and authority controls.
payment_changes.csv,jurisdiction,string,5,5,Synthetic field `jurisdiction` in payment_changes.csv; interpret using case context and authority controls.
payment_changes.csv,notes,string,5,5,Synthetic field `notes` in payment_changes.csv; interpret using case context and authority controls.
payments.csv,record_id,string,4,4,Synthetic field `record_id` in payments.csv; interpret using case context and authority controls.
payments.csv,entity_id,string,4,4,Synthetic field `entity_id` in payments.csv; interpret using case context and authority controls.
payments.csv,event_time,datetime_or_date,4,4,Synthetic field `event_time` in payments.csv; interpret using case context and authority controls.
payments.csv,status,string,4,4,Synthetic field `status` in payments.csv; interpret using case context and authority controls.
payments.csv,value,string,4,4,Synthetic field `value` in payments.csv; interpret using case context and authority controls.
payments.csv,source_system,string,4,4,Synthetic field `source_system` in payments.csv; interpret using case context and authority controls.
payments.csv,jurisdiction,string,4,4,Synthetic field `jurisdiction` in payments.csv; interpret using case context and authority controls.
payments.csv,notes,string,4,4,Synthetic field `notes` in payments.csv; interpret using case context and authority controls.
perils.csv,record_id,string,4,4,Synthetic field `record_id` in perils.csv; interpret using case context and authority controls.
perils.csv,entity_id,string,4,4,Synthetic field `entity_id` in perils.csv; interpret using case context and authority controls.
perils.csv,event_time,datetime_or_date,4,4,Synthetic field `event_time` in perils.csv; interpret using case context and authority controls.
perils.csv,status,string,4,4,Synthetic field `status` in perils.csv; interpret using case context and authority controls.
perils.csv,value,string,4,4,Synthetic field `value` in perils.csv; interpret using case context and authority controls.
perils.csv,source_system,string,4,4,Synthetic field `source_system` in perils.csv; interpret using case context and authority controls.
perils.csv,jurisdiction,string,4,4,Synthetic field `jurisdiction` in perils.csv; interpret using case context and authority controls.
perils.csv,notes,string,4,4,Synthetic field `notes` in perils.csv; interpret using case context and authority controls.
policies.csv,policy_id,string,4,4,Synthetic field `policy_id` in policies.csv; interpret using case context and authority controls.
policies.csv,product,string,4,4,Synthetic field `product` in policies.csv; interpret using case context and authority controls.
policies.csv,jurisdiction,string,4,3,Synthetic field `jurisdiction` in policies.csv; interpret using case context and authority controls.
policies.csv,status,string,4,1,Synthetic field `status` in policies.csv; interpret using case context and authority controls.
policies.csv,inception,datetime_or_date,4,4,Synthetic field `inception` in policies.csv; interpret using case context and authority controls.
policies.csv,expiry,datetime_or_date,4,4,Synthetic field `expiry` in policies.csv; interpret using case context and authority controls.
policies.csv,wording_version,string,4,4,Synthetic field `wording_version` in policies.csv; interpret using case context and authority controls.
policies.csv,party_id,string,4,3,Synthetic field `party_id` in policies.csv; interpret using case context and authority controls.
policies.csv,currency,string,4,3,Synthetic field `currency` in policies.csv; interpret using case context and authority controls.
policy_applications.csv,record_id,string,5,5,Synthetic field `record_id` in policy_applications.csv; interpret using case context and authority controls.
policy_applications.csv,entity_id,string,5,4,Synthetic field `entity_id` in policy_applications.csv; interpret using case context and authority controls.
policy_applications.csv,event_time,datetime_or_date,5,5,Synthetic field `event_time` in policy_applications.csv; interpret using case context and authority controls.
policy_applications.csv,status,string,5,5,Synthetic field `status` in policy_applications.csv; interpret using case context and authority controls.
policy_applications.csv,value,string,5,5,Synthetic field `value` in policy_applications.csv; interpret using case context and authority controls.
policy_applications.csv,source_system,string,5,5,Synthetic field `source_system` in policy_applications.csv; interpret using case context and authority controls.
policy_applications.csv,jurisdiction,string,5,5,Synthetic field `jurisdiction` in policy_applications.csv; interpret using case context and authority controls.
policy_applications.csv,notes,string,5,5,Synthetic field `notes` in policy_applications.csv; interpret using case context and authority controls.
policy_documents.csv,record_id,string,4,4,Synthetic field `record_id` in policy_documents.csv; interpret using case context and authority controls.
policy_documents.csv,entity_id,string,4,4,Synthetic field `entity_id` in policy_documents.csv; interpret using case context and authority controls.
policy_documents.csv,event_time,datetime_or_date,4,4,Synthetic field `event_time` in policy_documents.csv; interpret using case context and authority controls.
policy_documents.csv,status,string,4,4,Synthetic field `status` in policy_documents.csv; interpret using case context and authority controls.
policy_documents.csv,value,string,4,4,Synthetic field `value` in policy_documents.csv; interpret using case context and authority controls.
policy_documents.csv,source_system,string,4,4,Synthetic field `source_system` in policy_documents.csv; interpret using case context and authority controls.
policy_documents.csv,jurisdiction,string,4,4,Synthetic field `jurisdiction` in policy_documents.csv; interpret using case context and authority controls.
policy_documents.csv,notes,string,4,4,Synthetic field `notes` in policy_documents.csv; interpret using case context and authority controls.
policy_products.csv,record_id,string,6,6,Synthetic field `record_id` in policy_products.csv; interpret using case context and authority controls.
policy_products.csv,entity_id,string,6,4,Synthetic field `entity_id` in policy_products.csv; interpret using case context and authority controls.
policy_products.csv,event_time,datetime_or_date,6,5,Synthetic field `event_time` in policy_products.csv; interpret using case context and authority controls.
policy_products.csv,status,string,6,5,Synthetic field `status` in policy_products.csv; interpret using case context and authority controls.
policy_products.csv,value,string,6,6,Synthetic field `value` in policy_products.csv; interpret using case context and authority controls.
policy_products.csv,source_system,string,6,5,Synthetic field `source_system` in policy_products.csv; interpret using case context and authority controls.
policy_products.csv,jurisdiction,string,6,5,Synthetic field `jurisdiction` in policy_products.csv; interpret using case context and authority controls.
policy_products.csv,notes,string,6,6,Synthetic field `notes` in policy_products.csv; interpret using case context and authority controls.
policy_rules.csv,record_id,string,4,4,Synthetic field `record_id` in policy_rules.csv; interpret using case context and authority controls.
policy_rules.csv,entity_id,string,4,4,Synthetic field `entity_id` in policy_rules.csv; interpret using case context and authority controls.
policy_rules.csv,event_time,datetime_or_date,4,4,Synthetic field `event_time` in policy_rules.csv; interpret using case context and authority controls.
policy_rules.csv,status,string,4,4,Synthetic field `status` in policy_rules.csv; interpret using case context and authority controls.
policy_rules.csv,value,string,4,4,Synthetic field `value` in policy_rules.csv; interpret using case context and authority controls.
policy_rules.csv,source_system,string,4,4,Synthetic field `source_system` in policy_rules.csv; interpret using case context and authority controls.
policy_rules.csv,jurisdiction,string,4,4,Synthetic field `jurisdiction` in policy_rules.csv; interpret using case context and authority controls.
policy_rules.csv,notes,string,4,4,Synthetic field `notes` in policy_rules.csv; interpret using case context and authority controls.
policy_wording_versions.csv,wording_version,string,3,3,Synthetic field `wording_version` in policy_wording_versions.csv; interpret using case context and authority controls.
policy_wording_versions.csv,product,string,3,1,Synthetic field `product` in policy_wording_versions.csv; interpret using case context and authority controls.
policy_wording_versions.csv,effective_from,datetime_or_date,3,2,Synthetic field `effective_from` in policy_wording_versions.csv; interpret using case context and authority controls.
policy_wording_versions.csv,authority,string,3,3,Synthetic field `authority` in policy_wording_versions.csv; interpret using case context and authority controls.
policy_wording_versions.csv,flood_exclusion,string,3,3,Synthetic field `flood_exclusion` in policy_wording_versions.csv; interpret using case context and authority controls.
policy_wording_versions.csv,territory,string,3,1,Synthetic field `territory` in policy_wording_versions.csv; interpret using case context and authority controls.
premium_transactions.csv,record_id,string,4,4,Synthetic field `record_id` in premium_transactions.csv; interpret using case context and authority controls.
premium_transactions.csv,entity_id,string,4,4,Synthetic field `entity_id` in premium_transactions.csv; interpret using case context and authority controls.
premium_transactions.csv,event_time,datetime_or_date,4,4,Synthetic field `event_time` in premium_transactions.csv; interpret using case context and authority controls.
premium_transactions.csv,status,string,4,4,Synthetic field `status` in premium_transactions.csv; interpret using case context and authority controls.
premium_transactions.csv,value,string,4,4,Synthetic field `value` in premium_transactions.csv; interpret using case context and authority controls.
premium_transactions.csv,source_system,string,4,4,Synthetic field `source_system` in premium_transactions.csv; interpret using case context and authority controls.
premium_transactions.csv,jurisdiction,string,4,4,Synthetic field `jurisdiction` in premium_transactions.csv; interpret using case context and authority controls.
premium_transactions.csv,notes,string,4,4,Synthetic field `notes` in premium_transactions.csv; interpret using case context and authority controls.
pricing_factors.csv,record_id,string,5,5,Synthetic field `record_id` in pricing_factors.csv; interpret using case context and authority controls.
pricing_factors.csv,entity_id,string,5,4,Synthetic field `entity_id` in pricing_factors.csv; interpret using case context and authority controls.
pricing_factors.csv,event_time,datetime_or_date,5,5,Synthetic field `event_time` in pricing_factors.csv; interpret using case context and authority controls.
pricing_factors.csv,status,string,5,5,Synthetic field `status` in pricing_factors.csv; interpret using case context and authority controls.
pricing_factors.csv,value,string,5,5,Synthetic field `value` in pricing_factors.csv; interpret using case context and authority controls.
pricing_factors.csv,source_system,string,5,5,Synthetic field `source_system` in pricing_factors.csv; interpret using case context and authority controls.
pricing_factors.csv,jurisdiction,string,5,5,Synthetic field `jurisdiction` in pricing_factors.csv; interpret using case context and authority controls.
pricing_factors.csv,notes,string,5,5,Synthetic field `notes` in pricing_factors.csv; interpret using case context and authority controls.
privacy_risk.csv,record_id,string,6,6,Synthetic field `record_id` in privacy_risk.csv; interpret using case context and authority controls.
privacy_risk.csv,entity_id,string,6,4,Synthetic field `entity_id` in privacy_risk.csv; interpret using case context and authority controls.
privacy_risk.csv,event_time,datetime_or_date,6,5,Synthetic field `event_time` in privacy_risk.csv; interpret using case context and authority controls.
privacy_risk.csv,status,string,6,5,Synthetic field `status` in privacy_risk.csv; interpret using case context and authority controls.
privacy_risk.csv,value,string,6,6,Synthetic field `value` in privacy_risk.csv; interpret using case context and authority controls.
privacy_risk.csv,source_system,string,6,5,Synthetic field `source_system` in privacy_risk.csv; interpret using case context and authority controls.
privacy_risk.csv,jurisdiction,string,6,5,Synthetic field `jurisdiction` in privacy_risk.csv; interpret using case context and authority controls.
privacy_risk.csv,notes,string,6,6,Synthetic field `notes` in privacy_risk.csv; interpret using case context and authority controls.
process_bottlenecks.csv,record_id,string,5,5,Synthetic field `record_id` in process_bottlenecks.csv; interpret using case context and authority controls.
process_bottlenecks.csv,entity_id,string,5,4,Synthetic field `entity_id` in process_bottlenecks.csv; interpret using case context and authority controls.
process_bottlenecks.csv,event_time,datetime_or_date,5,5,Synthetic field `event_time` in process_bottlenecks.csv; interpret using case context and authority controls.
process_bottlenecks.csv,status,string,5,5,Synthetic field `status` in process_bottlenecks.csv; interpret using case context and authority controls.
process_bottlenecks.csv,value,string,5,5,Synthetic field `value` in process_bottlenecks.csv; interpret using case context and authority controls.
process_bottlenecks.csv,source_system,string,5,5,Synthetic field `source_system` in process_bottlenecks.csv; interpret using case context and authority controls.
process_bottlenecks.csv,jurisdiction,string,5,5,Synthetic field `jurisdiction` in process_bottlenecks.csv; interpret using case context and authority controls.
process_bottlenecks.csv,notes,string,5,5,Synthetic field `notes` in process_bottlenecks.csv; interpret using case context and authority controls.
product_comparisons.csv,record_id,string,5,5,Synthetic field `record_id` in product_comparisons.csv; interpret using case context and authority controls.
product_comparisons.csv,entity_id,string,5,4,Synthetic field `entity_id` in product_comparisons.csv; interpret using case context and authority controls.
product_comparisons.csv,event_time,datetime_or_date,5,5,Synthetic field `event_time` in product_comparisons.csv; interpret using case context and authority controls.
product_comparisons.csv,status,string,5,5,Synthetic field `status` in product_comparisons.csv; interpret using case context and authority controls.
product_comparisons.csv,value,string,5,5,Synthetic field `value` in product_comparisons.csv; interpret using case context and authority controls.
product_comparisons.csv,source_system,string,5,5,Synthetic field `source_system` in product_comparisons.csv; interpret using case context and authority controls.
product_comparisons.csv,jurisdiction,string,5,5,Synthetic field `jurisdiction` in product_comparisons.csv; interpret using case context and authority controls.
product_comparisons.csv,notes,string,5,5,Synthetic field `notes` in product_comparisons.csv; interpret using case context and authority controls.
products.csv,record_id,string,4,4,Synthetic field `record_id` in products.csv; interpret using case context and authority controls.
products.csv,entity_id,string,4,4,Synthetic field `entity_id` in products.csv; interpret using case context and authority controls.
products.csv,event_time,datetime_or_date,4,4,Synthetic field `event_time` in products.csv; interpret using case context and authority controls.
products.csv,status,string,4,4,Synthetic field `status` in products.csv; interpret using case context and authority controls.
products.csv,value,string,4,4,Synthetic field `value` in products.csv; interpret using case context and authority controls.
products.csv,source_system,string,4,4,Synthetic field `source_system` in products.csv; interpret using case context and authority controls.
products.csv,jurisdiction,string,4,4,Synthetic field `jurisdiction` in products.csv; interpret using case context and authority controls.
products.csv,notes,string,4,4,Synthetic field `notes` in products.csv; interpret using case context and authority controls.
prompts.csv,record_id,string,4,4,Synthetic field `record_id` in prompts.csv; interpret using case context and authority controls.
prompts.csv,entity_id,string,4,4,Synthetic field `entity_id` in prompts.csv; interpret using case context and authority controls.
prompts.csv,event_time,datetime_or_date,4,4,Synthetic field `event_time` in prompts.csv; interpret using case context and authority controls.
prompts.csv,status,string,4,4,Synthetic field `status` in prompts.csv; interpret using case context and authority controls.
prompts.csv,value,string,4,4,Synthetic field `value` in prompts.csv; interpret using case context and authority controls.
prompts.csv,source_system,string,4,4,Synthetic field `source_system` in prompts.csv; interpret using case context and authority controls.
prompts.csv,jurisdiction,string,4,4,Synthetic field `jurisdiction` in prompts.csv; interpret using case context and authority controls.
prompts.csv,notes,string,4,4,Synthetic field `notes` in prompts.csv; interpret using case context and authority controls.
property_attributes.csv,record_id,string,4,4,Synthetic field `record_id` in property_attributes.csv; interpret using case context and authority controls.
property_attributes.csv,entity_id,string,4,4,Synthetic field `entity_id` in property_attributes.csv; interpret using case context and authority controls.
property_attributes.csv,event_time,datetime_or_date,4,4,Synthetic field `event_time` in property_attributes.csv; interpret using case context and authority controls.
property_attributes.csv,status,string,4,4,Synthetic field `status` in property_attributes.csv; interpret using case context and authority controls.
property_attributes.csv,value,string,4,4,Synthetic field `value` in property_attributes.csv; interpret using case context and authority controls.
property_attributes.csv,source_system,string,4,4,Synthetic field `source_system` in property_attributes.csv; interpret using case context and authority controls.
property_attributes.csv,jurisdiction,string,4,4,Synthetic field `jurisdiction` in property_attributes.csv; interpret using case context and authority controls.
property_attributes.csv,notes,string,4,4,Synthetic field `notes` in property_attributes.csv; interpret using case context and authority controls.
provider_aliases.csv,record_id,string,5,5,Synthetic field `record_id` in provider_aliases.csv; interpret using case context and authority controls.
provider_aliases.csv,entity_id,string,5,4,Synthetic field `entity_id` in provider_aliases.csv; interpret using case context and authority controls.
provider_aliases.csv,event_time,datetime_or_date,5,5,Synthetic field `event_time` in provider_aliases.csv; interpret using case context and authority controls.
provider_aliases.csv,status,string,5,5,Synthetic field `status` in provider_aliases.csv; interpret using case context and authority controls.
provider_aliases.csv,value,string,5,5,Synthetic field `value` in provider_aliases.csv; interpret using case context and authority controls.
provider_aliases.csv,source_system,string,5,5,Synthetic field `source_system` in provider_aliases.csv; interpret using case context and authority controls.
provider_aliases.csv,jurisdiction,string,5,5,Synthetic field `jurisdiction` in provider_aliases.csv; interpret using case context and authority controls.
provider_aliases.csv,notes,string,5,5,Synthetic field `notes` in provider_aliases.csv; interpret using case context and authority controls.
provider_contracts.csv,record_id,string,4,4,Synthetic field `record_id` in provider_contracts.csv; interpret using case context and authority controls.
provider_contracts.csv,entity_id,string,4,4,Synthetic field `entity_id` in provider_contracts.csv; interpret using case context and authority controls.
provider_contracts.csv,event_time,datetime_or_date,4,4,Synthetic field `event_time` in provider_contracts.csv; interpret using case context and authority controls.
provider_contracts.csv,status,string,4,4,Synthetic field `status` in provider_contracts.csv; interpret using case context and authority controls.
provider_contracts.csv,value,string,4,4,Synthetic field `value` in provider_contracts.csv; interpret using case context and authority controls.
provider_contracts.csv,source_system,string,4,4,Synthetic field `source_system` in provider_contracts.csv; interpret using case context and authority controls.
provider_contracts.csv,jurisdiction,string,4,4,Synthetic field `jurisdiction` in provider_contracts.csv; interpret using case context and authority controls.
provider_contracts.csv,notes,string,4,4,Synthetic field `notes` in provider_contracts.csv; interpret using case context and authority controls.
provider_records.csv,record_id,string,5,5,Synthetic field `record_id` in provider_records.csv; interpret using case context and authority controls.
provider_records.csv,entity_id,string,5,4,Synthetic field `entity_id` in provider_records.csv; interpret using case context and authority controls.
provider_records.csv,event_time,datetime_or_date,5,5,Synthetic field `event_time` in provider_records.csv; interpret using case context and authority controls.
provider_records.csv,status,string,5,5,Synthetic field `status` in provider_records.csv; interpret using case context and authority controls.
provider_records.csv,value,string,5,5,Synthetic field `value` in provider_records.csv; interpret using case context and authority controls.
provider_records.csv,source_system,string,5,5,Synthetic field `source_system` in provider_records.csv; interpret using case context and authority controls.
provider_records.csv,jurisdiction,string,5,5,Synthetic field `jurisdiction` in provider_records.csv; interpret using case context and authority controls.
provider_records.csv,notes,string,5,5,Synthetic field `notes` in provider_records.csv; interpret using case context and authority controls.
providers.csv,record_id,string,5,5,Synthetic field `record_id` in providers.csv; interpret using case context and authority controls.
providers.csv,entity_id,string,5,4,Synthetic field `entity_id` in providers.csv; interpret using case context and authority controls.
providers.csv,event_time,datetime_or_date,5,5,Synthetic field `event_time` in providers.csv; interpret using case context and authority controls.
providers.csv,status,string,5,5,Synthetic field `status` in providers.csv; interpret using case context and authority controls.
providers.csv,value,string,5,5,Synthetic field `value` in providers.csv; interpret using case context and authority controls.
providers.csv,source_system,string,5,5,Synthetic field `source_system` in providers.csv; interpret using case context and authority controls.
providers.csv,jurisdiction,string,5,5,Synthetic field `jurisdiction` in providers.csv; interpret using case context and authority controls.
providers.csv,notes,string,5,5,Synthetic field `notes` in providers.csv; interpret using case context and authority controls.
quotes.csv,record_id,string,5,5,Synthetic field `record_id` in quotes.csv; interpret using case context and authority controls.
quotes.csv,entity_id,string,5,4,Synthetic field `entity_id` in quotes.csv; interpret using case context and authority controls.
quotes.csv,event_time,datetime_or_date,5,5,Synthetic field `event_time` in quotes.csv; interpret using case context and authority controls.
quotes.csv,status,string,5,5,Synthetic field `status` in quotes.csv; interpret using case context and authority controls.
quotes.csv,value,string,5,5,Synthetic field `value` in quotes.csv; interpret using case context and authority controls.
quotes.csv,source_system,string,5,5,Synthetic field `source_system` in quotes.csv; interpret using case context and authority controls.
quotes.csv,jurisdiction,string,5,5,Synthetic field `jurisdiction` in quotes.csv; interpret using case context and authority controls.
quotes.csv,notes,string,5,5,Synthetic field `notes` in quotes.csv; interpret using case context and authority controls.
recovery_contracts.csv,record_id,string,5,5,Synthetic field `record_id` in recovery_contracts.csv; interpret using case context and authority controls.
recovery_contracts.csv,entity_id,string,5,4,Synthetic field `entity_id` in recovery_contracts.csv; interpret using case context and authority controls.
recovery_contracts.csv,event_time,datetime_or_date,5,5,Synthetic field `event_time` in recovery_contracts.csv; interpret using case context and authority controls.
recovery_contracts.csv,status,string,5,5,Synthetic field `status` in recovery_contracts.csv; interpret using case context and authority controls.
recovery_contracts.csv,value,string,5,5,Synthetic field `value` in recovery_contracts.csv; interpret using case context and authority controls.
recovery_contracts.csv,source_system,string,5,5,Synthetic field `source_system` in recovery_contracts.csv; interpret using case context and authority controls.
recovery_contracts.csv,jurisdiction,string,5,5,Synthetic field `jurisdiction` in recovery_contracts.csv; interpret using case context and authority controls.
recovery_contracts.csv,notes,string,5,5,Synthetic field `notes` in recovery_contracts.csv; interpret using case context and authority controls.
regulatory_obligations.csv,record_id,string,4,4,Synthetic field `record_id` in regulatory_obligations.csv; interpret using case context and authority controls.
regulatory_obligations.csv,entity_id,string,4,4,Synthetic field `entity_id` in regulatory_obligations.csv; interpret using case context and authority controls.
regulatory_obligations.csv,event_time,datetime_or_date,4,4,Synthetic field `event_time` in regulatory_obligations.csv; interpret using case context and authority controls.
regulatory_obligations.csv,status,string,4,4,Synthetic field `status` in regulatory_obligations.csv; interpret using case context and authority controls.
regulatory_obligations.csv,value,string,4,4,Synthetic field `value` in regulatory_obligations.csv; interpret using case context and authority controls.
regulatory_obligations.csv,source_system,string,4,4,Synthetic field `source_system` in regulatory_obligations.csv; interpret using case context and authority controls.
regulatory_obligations.csv,jurisdiction,string,4,4,Synthetic field `jurisdiction` in regulatory_obligations.csv; interpret using case context and authority controls.
regulatory_obligations.csv,notes,string,4,4,Synthetic field `notes` in regulatory_obligations.csv; interpret using case context and authority controls.
regulatory_requests.csv,record_id,string,4,4,Synthetic field `record_id` in regulatory_requests.csv; interpret using case context and authority controls.
regulatory_requests.csv,entity_id,string,4,4,Synthetic field `entity_id` in regulatory_requests.csv; interpret using case context and authority controls.
regulatory_requests.csv,event_time,datetime_or_date,4,4,Synthetic field `event_time` in regulatory_requests.csv; interpret using case context and authority controls.
regulatory_requests.csv,status,string,4,4,Synthetic field `status` in regulatory_requests.csv; interpret using case context and authority controls.
regulatory_requests.csv,value,string,4,4,Synthetic field `value` in regulatory_requests.csv; interpret using case context and authority controls.
regulatory_requests.csv,source_system,string,4,4,Synthetic field `source_system` in regulatory_requests.csv; interpret using case context and authority controls.
regulatory_requests.csv,jurisdiction,string,4,4,Synthetic field `jurisdiction` in regulatory_requests.csv; interpret using case context and authority controls.
regulatory_requests.csv,notes,string,4,4,Synthetic field `notes` in regulatory_requests.csv; interpret using case context and authority controls.
reinsurance_collateral.csv,record_id,string,5,5,Synthetic field `record_id` in reinsurance_collateral.csv; interpret using case context and authority controls.
reinsurance_collateral.csv,entity_id,string,5,4,Synthetic field `entity_id` in reinsurance_collateral.csv; interpret using case context and authority controls.
reinsurance_collateral.csv,event_time,datetime_or_date,5,5,Synthetic field `event_time` in reinsurance_collateral.csv; interpret using case context and authority controls.
reinsurance_collateral.csv,status,string,5,5,Synthetic field `status` in reinsurance_collateral.csv; interpret using case context and authority controls.
reinsurance_collateral.csv,value,string,5,5,Synthetic field `value` in reinsurance_collateral.csv; interpret using case context and authority controls.
reinsurance_collateral.csv,source_system,string,5,5,Synthetic field `source_system` in reinsurance_collateral.csv; interpret using case context and authority controls.
reinsurance_collateral.csv,jurisdiction,string,5,5,Synthetic field `jurisdiction` in reinsurance_collateral.csv; interpret using case context and authority controls.
reinsurance_collateral.csv,notes,string,5,5,Synthetic field `notes` in reinsurance_collateral.csv; interpret using case context and authority controls.
reinsurance_events.csv,record_id,string,5,5,Synthetic field `record_id` in reinsurance_events.csv; interpret using case context and authority controls.
reinsurance_events.csv,entity_id,string,5,4,Synthetic field `entity_id` in reinsurance_events.csv; interpret using case context and authority controls.
reinsurance_events.csv,event_time,datetime_or_date,5,5,Synthetic field `event_time` in reinsurance_events.csv; interpret using case context and authority controls.
reinsurance_events.csv,status,string,5,5,Synthetic field `status` in reinsurance_events.csv; interpret using case context and authority controls.
reinsurance_events.csv,value,string,5,5,Synthetic field `value` in reinsurance_events.csv; interpret using case context and authority controls.
reinsurance_events.csv,source_system,string,5,5,Synthetic field `source_system` in reinsurance_events.csv; interpret using case context and authority controls.
reinsurance_events.csv,jurisdiction,string,5,5,Synthetic field `jurisdiction` in reinsurance_events.csv; interpret using case context and authority controls.
reinsurance_events.csv,notes,string,5,5,Synthetic field `notes` in reinsurance_events.csv; interpret using case context and authority controls.
reinsurance_notices.csv,record_id,string,4,4,Synthetic field `record_id` in reinsurance_notices.csv; interpret using case context and authority controls.
reinsurance_notices.csv,entity_id,string,4,4,Synthetic field `entity_id` in reinsurance_notices.csv; interpret using case context and authority controls.
reinsurance_notices.csv,event_time,datetime_or_date,4,4,Synthetic field `event_time` in reinsurance_notices.csv; interpret using case context and authority controls.
reinsurance_notices.csv,status,string,4,4,Synthetic field `status` in reinsurance_notices.csv; interpret using case context and authority controls.
reinsurance_notices.csv,value,string,4,4,Synthetic field `value` in reinsurance_notices.csv; interpret using case context and authority controls.
reinsurance_notices.csv,source_system,string,4,4,Synthetic field `source_system` in reinsurance_notices.csv; interpret using case context and authority controls.
reinsurance_notices.csv,jurisdiction,string,4,4,Synthetic field `jurisdiction` in reinsurance_notices.csv; interpret using case context and authority controls.
reinsurance_notices.csv,notes,string,4,4,Synthetic field `notes` in reinsurance_notices.csv; interpret using case context and authority controls.
reinsurance_treaties.csv,treaty_id,string,2,2,Synthetic field `treaty_id` in reinsurance_treaties.csv; interpret using case context and authority controls.
reinsurance_treaties.csv,cedent,string,2,2,Synthetic field `cedent` in reinsurance_treaties.csv; interpret using case context and authority controls.
reinsurance_treaties.csv,reinsurer,string,2,2,Synthetic field `reinsurer` in reinsurance_treaties.csv; interpret using case context and authority controls.
reinsurance_treaties.csv,perils,string,2,2,Synthetic field `perils` in reinsurance_treaties.csv; interpret using case context and authority controls.
reinsurance_treaties.csv,attachment,number,2,2,Synthetic field `attachment` in reinsurance_treaties.csv; interpret using case context and authority controls.
reinsurance_treaties.csv,limit,number,2,2,Synthetic field `limit` in reinsurance_treaties.csv; interpret using case context and authority controls.
reinsurance_treaties.csv,currency,string,2,2,Synthetic field `currency` in reinsurance_treaties.csv; interpret using case context and authority controls.
reinsurance_treaties.csv,hours_clause,string,2,2,Synthetic field `hours_clause` in reinsurance_treaties.csv; interpret using case context and authority controls.
reinsurance_treaties.csv,wording_status,string,2,2,Synthetic field `wording_status` in reinsurance_treaties.csv; interpret using case context and authority controls.
renewal_offers.csv,record_id,string,4,4,Synthetic field `record_id` in renewal_offers.csv; interpret using case context and authority controls.
renewal_offers.csv,entity_id,string,4,4,Synthetic field `entity_id` in renewal_offers.csv; interpret using case context and authority controls.
renewal_offers.csv,event_time,datetime_or_date,4,4,Synthetic field `event_time` in renewal_offers.csv; interpret using case context and authority controls.
renewal_offers.csv,status,string,4,4,Synthetic field `status` in renewal_offers.csv; interpret using case context and authority controls.
renewal_offers.csv,value,string,4,4,Synthetic field `value` in renewal_offers.csv; interpret using case context and authority controls.
renewal_offers.csv,source_system,string,4,4,Synthetic field `source_system` in renewal_offers.csv; interpret using case context and authority controls.
renewal_offers.csv,jurisdiction,string,4,4,Synthetic field `jurisdiction` in renewal_offers.csv; interpret using case context and authority controls.
renewal_offers.csv,notes,string,4,4,Synthetic field `notes` in renewal_offers.csv; interpret using case context and authority controls.
renewals.csv,record_id,string,5,5,Synthetic field `record_id` in renewals.csv; interpret using case context and authority controls.
renewals.csv,entity_id,string,5,4,Synthetic field `entity_id` in renewals.csv; interpret using case context and authority controls.
renewals.csv,event_time,datetime_or_date,5,5,Synthetic field `event_time` in renewals.csv; interpret using case context and authority controls.
renewals.csv,status,string,5,5,Synthetic field `status` in renewals.csv; interpret using case context and authority controls.
renewals.csv,value,string,5,5,Synthetic field `value` in renewals.csv; interpret using case context and authority controls.
renewals.csv,source_system,string,5,5,Synthetic field `source_system` in renewals.csv; interpret using case context and authority controls.
renewals.csv,jurisdiction,string,5,5,Synthetic field `jurisdiction` in renewals.csv; interpret using case context and authority controls.
renewals.csv,notes,string,5,5,Synthetic field `notes` in renewals.csv; interpret using case context and authority controls.
repair_estimates.csv,record_id,string,5,5,Synthetic field `record_id` in repair_estimates.csv; interpret using case context and authority controls.
repair_estimates.csv,entity_id,string,5,4,Synthetic field `entity_id` in repair_estimates.csv; interpret using case context and authority controls.
repair_estimates.csv,event_time,datetime_or_date,5,5,Synthetic field `event_time` in repair_estimates.csv; interpret using case context and authority controls.
repair_estimates.csv,status,string,5,5,Synthetic field `status` in repair_estimates.csv; interpret using case context and authority controls.
repair_estimates.csv,value,string,5,5,Synthetic field `value` in repair_estimates.csv; interpret using case context and authority controls.
repair_estimates.csv,source_system,string,5,5,Synthetic field `source_system` in repair_estimates.csv; interpret using case context and authority controls.
repair_estimates.csv,jurisdiction,string,5,5,Synthetic field `jurisdiction` in repair_estimates.csv; interpret using case context and authority controls.
repair_estimates.csv,notes,string,5,5,Synthetic field `notes` in repair_estimates.csv; interpret using case context and authority controls.
repair_network.csv,record_id,string,4,4,Synthetic field `record_id` in repair_network.csv; interpret using case context and authority controls.
repair_network.csv,entity_id,string,4,4,Synthetic field `entity_id` in repair_network.csv; interpret using case context and authority controls.
repair_network.csv,event_time,datetime_or_date,4,4,Synthetic field `event_time` in repair_network.csv; interpret using case context and authority controls.
repair_network.csv,status,string,4,4,Synthetic field `status` in repair_network.csv; interpret using case context and authority controls.
repair_network.csv,value,string,4,4,Synthetic field `value` in repair_network.csv; interpret using case context and authority controls.
repair_network.csv,source_system,string,4,4,Synthetic field `source_system` in repair_network.csv; interpret using case context and authority controls.
repair_network.csv,jurisdiction,string,4,4,Synthetic field `jurisdiction` in repair_network.csv; interpret using case context and authority controls.
repair_network.csv,notes,string,4,4,Synthetic field `notes` in repair_network.csv; interpret using case context and authority controls.
reserving_assumptions.csv,record_id,string,5,5,Synthetic field `record_id` in reserving_assumptions.csv; interpret using case context and authority controls.
reserving_assumptions.csv,entity_id,string,5,4,Synthetic field `entity_id` in reserving_assumptions.csv; interpret using case context and authority controls.
reserving_assumptions.csv,event_time,datetime_or_date,5,5,Synthetic field `event_time` in reserving_assumptions.csv; interpret using case context and authority controls.
reserving_assumptions.csv,status,string,5,5,Synthetic field `status` in reserving_assumptions.csv; interpret using case context and authority controls.
reserving_assumptions.csv,value,string,5,5,Synthetic field `value` in reserving_assumptions.csv; interpret using case context and authority controls.
reserving_assumptions.csv,source_system,string,5,5,Synthetic field `source_system` in reserving_assumptions.csv; interpret using case context and authority controls.
reserving_assumptions.csv,jurisdiction,string,5,5,Synthetic field `jurisdiction` in reserving_assumptions.csv; interpret using case context and authority controls.
reserving_assumptions.csv,notes,string,5,5,Synthetic field `notes` in reserving_assumptions.csv; interpret using case context and authority controls.
retention_rules.csv,record_id,string,5,5,Synthetic field `record_id` in retention_rules.csv; interpret using case context and authority controls.
retention_rules.csv,entity_id,string,5,4,Synthetic field `entity_id` in retention_rules.csv; interpret using case context and authority controls.
retention_rules.csv,event_time,datetime_or_date,5,5,Synthetic field `event_time` in retention_rules.csv; interpret using case context and authority controls.
retention_rules.csv,status,string,5,5,Synthetic field `status` in retention_rules.csv; interpret using case context and authority controls.
retention_rules.csv,value,string,5,5,Synthetic field `value` in retention_rules.csv; interpret using case context and authority controls.
retention_rules.csv,source_system,string,5,5,Synthetic field `source_system` in retention_rules.csv; interpret using case context and authority controls.
retention_rules.csv,jurisdiction,string,5,5,Synthetic field `jurisdiction` in retention_rules.csv; interpret using case context and authority controls.
retention_rules.csv,notes,string,5,5,Synthetic field `notes` in retention_rules.csv; interpret using case context and authority controls.
reviewer_feedback.csv,record_id,string,5,5,Synthetic field `record_id` in reviewer_feedback.csv; interpret using case context and authority controls.
reviewer_feedback.csv,entity_id,string,5,4,Synthetic field `entity_id` in reviewer_feedback.csv; interpret using case context and authority controls.
reviewer_feedback.csv,event_time,datetime_or_date,5,5,Synthetic field `event_time` in reviewer_feedback.csv; interpret using case context and authority controls.
reviewer_feedback.csv,status,string,5,5,Synthetic field `status` in reviewer_feedback.csv; interpret using case context and authority controls.
reviewer_feedback.csv,value,string,5,5,Synthetic field `value` in reviewer_feedback.csv; interpret using case context and authority controls.
reviewer_feedback.csv,source_system,string,5,5,Synthetic field `source_system` in reviewer_feedback.csv; interpret using case context and authority controls.
reviewer_feedback.csv,jurisdiction,string,5,5,Synthetic field `jurisdiction` in reviewer_feedback.csv; interpret using case context and authority controls.
reviewer_feedback.csv,notes,string,5,5,Synthetic field `notes` in reviewer_feedback.csv; interpret using case context and authority controls.
risk_register_seed.csv,record_id,string,4,4,Synthetic field `record_id` in risk_register_seed.csv; interpret using case context and authority controls.
risk_register_seed.csv,entity_id,string,4,4,Synthetic field `entity_id` in risk_register_seed.csv; interpret using case context and authority controls.
risk_register_seed.csv,event_time,datetime_or_date,4,4,Synthetic field `event_time` in risk_register_seed.csv; interpret using case context and authority controls.
risk_register_seed.csv,status,string,4,4,Synthetic field `status` in risk_register_seed.csv; interpret using case context and authority controls.
risk_register_seed.csv,value,string,4,4,Synthetic field `value` in risk_register_seed.csv; interpret using case context and authority controls.
risk_register_seed.csv,source_system,string,4,4,Synthetic field `source_system` in risk_register_seed.csv; interpret using case context and authority controls.
risk_register_seed.csv,jurisdiction,string,4,4,Synthetic field `jurisdiction` in risk_register_seed.csv; interpret using case context and authority controls.
risk_register_seed.csv,notes,string,4,4,Synthetic field `notes` in risk_register_seed.csv; interpret using case context and authority controls.
roles.csv,record_id,string,4,4,Synthetic field `record_id` in roles.csv; interpret using case context and authority controls.
roles.csv,entity_id,string,4,4,Synthetic field `entity_id` in roles.csv; interpret using case context and authority controls.
roles.csv,event_time,datetime_or_date,4,4,Synthetic field `event_time` in roles.csv; interpret using case context and authority controls.
roles.csv,status,string,4,4,Synthetic field `status` in roles.csv; interpret using case context and authority controls.
roles.csv,value,string,4,4,Synthetic field `value` in roles.csv; interpret using case context and authority controls.
roles.csv,source_system,string,4,4,Synthetic field `source_system` in roles.csv; interpret using case context and authority controls.
roles.csv,jurisdiction,string,4,4,Synthetic field `jurisdiction` in roles.csv; interpret using case context and authority controls.
roles.csv,notes,string,4,4,Synthetic field `notes` in roles.csv; interpret using case context and authority controls.
sales_interactions.csv,record_id,string,5,5,Synthetic field `record_id` in sales_interactions.csv; interpret using case context and authority controls.
sales_interactions.csv,entity_id,string,5,4,Synthetic field `entity_id` in sales_interactions.csv; interpret using case context and authority controls.
sales_interactions.csv,event_time,datetime_or_date,5,5,Synthetic field `event_time` in sales_interactions.csv; interpret using case context and authority controls.
sales_interactions.csv,status,string,5,5,Synthetic field `status` in sales_interactions.csv; interpret using case context and authority controls.
sales_interactions.csv,value,string,5,5,Synthetic field `value` in sales_interactions.csv; interpret using case context and authority controls.
sales_interactions.csv,source_system,string,5,5,Synthetic field `source_system` in sales_interactions.csv; interpret using case context and authority controls.
sales_interactions.csv,jurisdiction,string,5,5,Synthetic field `jurisdiction` in sales_interactions.csv; interpret using case context and authority controls.
sales_interactions.csv,notes,string,5,5,Synthetic field `notes` in sales_interactions.csv; interpret using case context and authority controls.
sanctions_screening.csv,record_id,string,5,5,Synthetic field `record_id` in sanctions_screening.csv; interpret using case context and authority controls.
sanctions_screening.csv,entity_id,string,5,4,Synthetic field `entity_id` in sanctions_screening.csv; interpret using case context and authority controls.
sanctions_screening.csv,event_time,datetime_or_date,5,5,Synthetic field `event_time` in sanctions_screening.csv; interpret using case context and authority controls.
sanctions_screening.csv,status,string,5,5,Synthetic field `status` in sanctions_screening.csv; interpret using case context and authority controls.
sanctions_screening.csv,value,string,5,5,Synthetic field `value` in sanctions_screening.csv; interpret using case context and authority controls.
sanctions_screening.csv,source_system,string,5,5,Synthetic field `source_system` in sanctions_screening.csv; interpret using case context and authority controls.
sanctions_screening.csv,jurisdiction,string,5,5,Synthetic field `jurisdiction` in sanctions_screening.csv; interpret using case context and authority controls.
sanctions_screening.csv,notes,string,5,5,Synthetic field `notes` in sanctions_screening.csv; interpret using case context and authority controls.
security_events.csv,record_id,string,6,6,Synthetic field `record_id` in security_events.csv; interpret using case context and authority controls.
security_events.csv,entity_id,string,6,4,Synthetic field `entity_id` in security_events.csv; interpret using case context and authority controls.
security_events.csv,event_time,datetime_or_date,6,5,Synthetic field `event_time` in security_events.csv; interpret using case context and authority controls.
security_events.csv,status,string,6,5,Synthetic field `status` in security_events.csv; interpret using case context and authority controls.
security_events.csv,value,string,6,6,Synthetic field `value` in security_events.csv; interpret using case context and authority controls.
security_events.csv,source_system,string,6,5,Synthetic field `source_system` in security_events.csv; interpret using case context and authority controls.
security_events.csv,jurisdiction,string,6,5,Synthetic field `jurisdiction` in security_events.csv; interpret using case context and authority controls.
security_events.csv,notes,string,6,6,Synthetic field `notes` in security_events.csv; interpret using case context and authority controls.
service_levels.csv,record_id,string,4,4,Synthetic field `record_id` in service_levels.csv; interpret using case context and authority controls.
service_levels.csv,entity_id,string,4,4,Synthetic field `entity_id` in service_levels.csv; interpret using case context and authority controls.
service_levels.csv,event_time,datetime_or_date,4,4,Synthetic field `event_time` in service_levels.csv; interpret using case context and authority controls.
service_levels.csv,status,string,4,4,Synthetic field `status` in service_levels.csv; interpret using case context and authority controls.
service_levels.csv,value,string,4,4,Synthetic field `value` in service_levels.csv; interpret using case context and authority controls.
service_levels.csv,source_system,string,4,4,Synthetic field `source_system` in service_levels.csv; interpret using case context and authority controls.
service_levels.csv,jurisdiction,string,4,4,Synthetic field `jurisdiction` in service_levels.csv; interpret using case context and authority controls.
service_levels.csv,notes,string,4,4,Synthetic field `notes` in service_levels.csv; interpret using case context and authority controls.
source_authority.csv,record_id,string,5,5,Synthetic field `record_id` in source_authority.csv; interpret using case context and authority controls.
source_authority.csv,entity_id,string,5,4,Synthetic field `entity_id` in source_authority.csv; interpret using case context and authority controls.
source_authority.csv,event_time,datetime_or_date,5,5,Synthetic field `event_time` in source_authority.csv; interpret using case context and authority controls.
source_authority.csv,status,string,5,5,Synthetic field `status` in source_authority.csv; interpret using case context and authority controls.
source_authority.csv,value,string,5,5,Synthetic field `value` in source_authority.csv; interpret using case context and authority controls.
source_authority.csv,source_system,string,5,5,Synthetic field `source_system` in source_authority.csv; interpret using case context and authority controls.
source_authority.csv,jurisdiction,string,5,5,Synthetic field `jurisdiction` in source_authority.csv; interpret using case context and authority controls.
source_authority.csv,notes,string,5,5,Synthetic field `notes` in source_authority.csv; interpret using case context and authority controls.
source_systems.csv,record_id,string,4,4,Synthetic field `record_id` in source_systems.csv; interpret using case context and authority controls.
source_systems.csv,entity_id,string,4,4,Synthetic field `entity_id` in source_systems.csv; interpret using case context and authority controls.
source_systems.csv,event_time,datetime_or_date,4,4,Synthetic field `event_time` in source_systems.csv; interpret using case context and authority controls.
source_systems.csv,status,string,4,4,Synthetic field `status` in source_systems.csv; interpret using case context and authority controls.
source_systems.csv,value,string,4,4,Synthetic field `value` in source_systems.csv; interpret using case context and authority controls.
source_systems.csv,source_system,string,4,4,Synthetic field `source_system` in source_systems.csv; interpret using case context and authority controls.
source_systems.csv,jurisdiction,string,4,4,Synthetic field `jurisdiction` in source_systems.csv; interpret using case context and authority controls.
source_systems.csv,notes,string,4,4,Synthetic field `notes` in source_systems.csv; interpret using case context and authority controls.
staff_rates.csv,record_id,string,6,6,Synthetic field `record_id` in staff_rates.csv; interpret using case context and authority controls.
staff_rates.csv,entity_id,string,6,4,Synthetic field `entity_id` in staff_rates.csv; interpret using case context and authority controls.
staff_rates.csv,event_time,datetime_or_date,6,5,Synthetic field `event_time` in staff_rates.csv; interpret using case context and authority controls.
staff_rates.csv,status,string,6,5,Synthetic field `status` in staff_rates.csv; interpret using case context and authority controls.
staff_rates.csv,value,string,6,6,Synthetic field `value` in staff_rates.csv; interpret using case context and authority controls.
staff_rates.csv,source_system,string,6,5,Synthetic field `source_system` in staff_rates.csv; interpret using case context and authority controls.
staff_rates.csv,jurisdiction,string,6,5,Synthetic field `jurisdiction` in staff_rates.csv; interpret using case context and authority controls.
staff_rates.csv,notes,string,6,6,Synthetic field `notes` in staff_rates.csv; interpret using case context and authority controls.
stakeholders.csv,record_id,string,5,5,Synthetic field `record_id` in stakeholders.csv; interpret using case context and authority controls.
stakeholders.csv,entity_id,string,5,4,Synthetic field `entity_id` in stakeholders.csv; interpret using case context and authority controls.
stakeholders.csv,event_time,datetime_or_date,5,5,Synthetic field `event_time` in stakeholders.csv; interpret using case context and authority controls.
stakeholders.csv,status,string,5,5,Synthetic field `status` in stakeholders.csv; interpret using case context and authority controls.
stakeholders.csv,value,string,5,5,Synthetic field `value` in stakeholders.csv; interpret using case context and authority controls.
stakeholders.csv,source_system,string,5,5,Synthetic field `source_system` in stakeholders.csv; interpret using case context and authority controls.
stakeholders.csv,jurisdiction,string,5,5,Synthetic field `jurisdiction` in stakeholders.csv; interpret using case context and authority controls.
stakeholders.csv,notes,string,5,5,Synthetic field `notes` in stakeholders.csv; interpret using case context and authority controls.
strategy_conflicts.csv,record_id,string,5,5,Synthetic field `record_id` in strategy_conflicts.csv; interpret using case context and authority controls.
strategy_conflicts.csv,entity_id,string,5,4,Synthetic field `entity_id` in strategy_conflicts.csv; interpret using case context and authority controls.
strategy_conflicts.csv,event_time,datetime_or_date,5,5,Synthetic field `event_time` in strategy_conflicts.csv; interpret using case context and authority controls.
strategy_conflicts.csv,status,string,5,5,Synthetic field `status` in strategy_conflicts.csv; interpret using case context and authority controls.
strategy_conflicts.csv,value,string,5,5,Synthetic field `value` in strategy_conflicts.csv; interpret using case context and authority controls.
strategy_conflicts.csv,source_system,string,5,5,Synthetic field `source_system` in strategy_conflicts.csv; interpret using case context and authority controls.
strategy_conflicts.csv,jurisdiction,string,5,5,Synthetic field `jurisdiction` in strategy_conflicts.csv; interpret using case context and authority controls.
strategy_conflicts.csv,notes,string,5,5,Synthetic field `notes` in strategy_conflicts.csv; interpret using case context and authority controls.
subrogation_cases.csv,record_id,string,5,5,Synthetic field `record_id` in subrogation_cases.csv; interpret using case context and authority controls.
subrogation_cases.csv,entity_id,string,5,4,Synthetic field `entity_id` in subrogation_cases.csv; interpret using case context and authority controls.
subrogation_cases.csv,event_time,datetime_or_date,5,5,Synthetic field `event_time` in subrogation_cases.csv; interpret using case context and authority controls.
subrogation_cases.csv,status,string,5,5,Synthetic field `status` in subrogation_cases.csv; interpret using case context and authority controls.
subrogation_cases.csv,value,string,5,5,Synthetic field `value` in subrogation_cases.csv; interpret using case context and authority controls.
subrogation_cases.csv,source_system,string,5,5,Synthetic field `source_system` in subrogation_cases.csv; interpret using case context and authority controls.
subrogation_cases.csv,jurisdiction,string,5,5,Synthetic field `jurisdiction` in subrogation_cases.csv; interpret using case context and authority controls.
subrogation_cases.csv,notes,string,5,5,Synthetic field `notes` in subrogation_cases.csv; interpret using case context and authority controls.
suitability_records.csv,record_id,string,5,5,Synthetic field `record_id` in suitability_records.csv; interpret using case context and authority controls.
suitability_records.csv,entity_id,string,5,4,Synthetic field `entity_id` in suitability_records.csv; interpret using case context and authority controls.
suitability_records.csv,event_time,datetime_or_date,5,5,Synthetic field `event_time` in suitability_records.csv; interpret using case context and authority controls.
suitability_records.csv,status,string,5,5,Synthetic field `status` in suitability_records.csv; interpret using case context and authority controls.
suitability_records.csv,value,string,5,5,Synthetic field `value` in suitability_records.csv; interpret using case context and authority controls.
suitability_records.csv,source_system,string,5,5,Synthetic field `source_system` in suitability_records.csv; interpret using case context and authority controls.
suitability_records.csv,jurisdiction,string,5,5,Synthetic field `jurisdiction` in suitability_records.csv; interpret using case context and authority controls.
suitability_records.csv,notes,string,5,5,Synthetic field `notes` in suitability_records.csv; interpret using case context and authority controls.
supply_dependencies.csv,record_id,string,5,5,Synthetic field `record_id` in supply_dependencies.csv; interpret using case context and authority controls.
supply_dependencies.csv,entity_id,string,5,4,Synthetic field `entity_id` in supply_dependencies.csv; interpret using case context and authority controls.
supply_dependencies.csv,event_time,datetime_or_date,5,5,Synthetic field `event_time` in supply_dependencies.csv; interpret using case context and authority controls.
supply_dependencies.csv,status,string,5,5,Synthetic field `status` in supply_dependencies.csv; interpret using case context and authority controls.
supply_dependencies.csv,value,string,5,5,Synthetic field `value` in supply_dependencies.csv; interpret using case context and authority controls.
supply_dependencies.csv,source_system,string,5,5,Synthetic field `source_system` in supply_dependencies.csv; interpret using case context and authority controls.
supply_dependencies.csv,jurisdiction,string,5,5,Synthetic field `jurisdiction` in supply_dependencies.csv; interpret using case context and authority controls.
supply_dependencies.csv,notes,string,5,5,Synthetic field `notes` in supply_dependencies.csv; interpret using case context and authority controls.
system_inventory.csv,record_id,string,5,5,Synthetic field `record_id` in system_inventory.csv; interpret using case context and authority controls.
system_inventory.csv,entity_id,string,5,4,Synthetic field `entity_id` in system_inventory.csv; interpret using case context and authority controls.
system_inventory.csv,event_time,datetime_or_date,5,5,Synthetic field `event_time` in system_inventory.csv; interpret using case context and authority controls.
system_inventory.csv,status,string,5,5,Synthetic field `status` in system_inventory.csv; interpret using case context and authority controls.
system_inventory.csv,value,string,5,5,Synthetic field `value` in system_inventory.csv; interpret using case context and authority controls.
system_inventory.csv,source_system,string,5,5,Synthetic field `source_system` in system_inventory.csv; interpret using case context and authority controls.
system_inventory.csv,jurisdiction,string,5,5,Synthetic field `jurisdiction` in system_inventory.csv; interpret using case context and authority controls.
system_inventory.csv,notes,string,5,5,Synthetic field `notes` in system_inventory.csv; interpret using case context and authority controls.
telematics_events.csv,record_id,string,6,6,Synthetic field `record_id` in telematics_events.csv; interpret using case context and authority controls.
telematics_events.csv,entity_id,string,6,4,Synthetic field `entity_id` in telematics_events.csv; interpret using case context and authority controls.
telematics_events.csv,event_time,datetime_or_date,6,5,Synthetic field `event_time` in telematics_events.csv; interpret using case context and authority controls.
telematics_events.csv,status,string,6,5,Synthetic field `status` in telematics_events.csv; interpret using case context and authority controls.
telematics_events.csv,value,string,6,6,Synthetic field `value` in telematics_events.csv; interpret using case context and authority controls.
telematics_events.csv,source_system,string,6,5,Synthetic field `source_system` in telematics_events.csv; interpret using case context and authority controls.
telematics_events.csv,jurisdiction,string,6,5,Synthetic field `jurisdiction` in telematics_events.csv; interpret using case context and authority controls.
telematics_events.csv,notes,string,6,6,Synthetic field `notes` in telematics_events.csv; interpret using case context and authority controls.
tenant_boundaries.csv,record_id,string,5,5,Synthetic field `record_id` in tenant_boundaries.csv; interpret using case context and authority controls.
tenant_boundaries.csv,entity_id,string,5,4,Synthetic field `entity_id` in tenant_boundaries.csv; interpret using case context and authority controls.
tenant_boundaries.csv,event_time,datetime_or_date,5,5,Synthetic field `event_time` in tenant_boundaries.csv; interpret using case context and authority controls.
tenant_boundaries.csv,status,string,5,5,Synthetic field `status` in tenant_boundaries.csv; interpret using case context and authority controls.
tenant_boundaries.csv,value,string,5,5,Synthetic field `value` in tenant_boundaries.csv; interpret using case context and authority controls.
tenant_boundaries.csv,source_system,string,5,5,Synthetic field `source_system` in tenant_boundaries.csv; interpret using case context and authority controls.
tenant_boundaries.csv,jurisdiction,string,5,5,Synthetic field `jurisdiction` in tenant_boundaries.csv; interpret using case context and authority controls.
tenant_boundaries.csv,notes,string,5,5,Synthetic field `notes` in tenant_boundaries.csv; interpret using case context and authority controls.
terminology_versions.csv,record_id,string,5,5,Synthetic field `record_id` in terminology_versions.csv; interpret using case context and authority controls.
terminology_versions.csv,entity_id,string,5,4,Synthetic field `entity_id` in terminology_versions.csv; interpret using case context and authority controls.
terminology_versions.csv,event_time,datetime_or_date,5,5,Synthetic field `event_time` in terminology_versions.csv; interpret using case context and authority controls.
terminology_versions.csv,status,string,5,5,Synthetic field `status` in terminology_versions.csv; interpret using case context and authority controls.
terminology_versions.csv,value,string,5,5,Synthetic field `value` in terminology_versions.csv; interpret using case context and authority controls.
terminology_versions.csv,source_system,string,5,5,Synthetic field `source_system` in terminology_versions.csv; interpret using case context and authority controls.
terminology_versions.csv,jurisdiction,string,5,5,Synthetic field `jurisdiction` in terminology_versions.csv; interpret using case context and authority controls.
terminology_versions.csv,notes,string,5,5,Synthetic field `notes` in terminology_versions.csv; interpret using case context and authority controls.
timezone_rules.csv,record_id,string,5,5,Synthetic field `record_id` in timezone_rules.csv; interpret using case context and authority controls.
timezone_rules.csv,entity_id,string,5,4,Synthetic field `entity_id` in timezone_rules.csv; interpret using case context and authority controls.
timezone_rules.csv,event_time,datetime_or_date,5,5,Synthetic field `event_time` in timezone_rules.csv; interpret using case context and authority controls.
timezone_rules.csv,status,string,5,5,Synthetic field `status` in timezone_rules.csv; interpret using case context and authority controls.
timezone_rules.csv,value,string,5,5,Synthetic field `value` in timezone_rules.csv; interpret using case context and authority controls.
timezone_rules.csv,source_system,string,5,5,Synthetic field `source_system` in timezone_rules.csv; interpret using case context and authority controls.
timezone_rules.csv,jurisdiction,string,5,5,Synthetic field `jurisdiction` in timezone_rules.csv; interpret using case context and authority controls.
timezone_rules.csv,notes,string,5,5,Synthetic field `notes` in timezone_rules.csv; interpret using case context and authority controls.
token_budgets.csv,record_id,string,4,4,Synthetic field `record_id` in token_budgets.csv; interpret using case context and authority controls.
token_budgets.csv,entity_id,string,4,4,Synthetic field `entity_id` in token_budgets.csv; interpret using case context and authority controls.
token_budgets.csv,event_time,datetime_or_date,4,4,Synthetic field `event_time` in token_budgets.csv; interpret using case context and authority controls.
token_budgets.csv,status,string,4,4,Synthetic field `status` in token_budgets.csv; interpret using case context and authority controls.
token_budgets.csv,value,string,4,4,Synthetic field `value` in token_budgets.csv; interpret using case context and authority controls.
token_budgets.csv,source_system,string,4,4,Synthetic field `source_system` in token_budgets.csv; interpret using case context and authority controls.
token_budgets.csv,jurisdiction,string,4,4,Synthetic field `jurisdiction` in token_budgets.csv; interpret using case context and authority controls.
token_budgets.csv,notes,string,4,4,Synthetic field `notes` in token_budgets.csv; interpret using case context and authority controls.
tool_catalog.csv,record_id,string,5,5,Synthetic field `record_id` in tool_catalog.csv; interpret using case context and authority controls.
tool_catalog.csv,entity_id,string,5,4,Synthetic field `entity_id` in tool_catalog.csv; interpret using case context and authority controls.
tool_catalog.csv,event_time,datetime_or_date,5,5,Synthetic field `event_time` in tool_catalog.csv; interpret using case context and authority controls.
tool_catalog.csv,status,string,5,5,Synthetic field `status` in tool_catalog.csv; interpret using case context and authority controls.
tool_catalog.csv,value,string,5,5,Synthetic field `value` in tool_catalog.csv; interpret using case context and authority controls.
tool_catalog.csv,source_system,string,5,5,Synthetic field `source_system` in tool_catalog.csv; interpret using case context and authority controls.
tool_catalog.csv,jurisdiction,string,5,5,Synthetic field `jurisdiction` in tool_catalog.csv; interpret using case context and authority controls.
tool_catalog.csv,notes,string,5,5,Synthetic field `notes` in tool_catalog.csv; interpret using case context and authority controls.
translations.csv,record_id,string,5,5,Synthetic field `record_id` in translations.csv; interpret using case context and authority controls.
translations.csv,entity_id,string,5,4,Synthetic field `entity_id` in translations.csv; interpret using case context and authority controls.
translations.csv,event_time,datetime_or_date,5,5,Synthetic field `event_time` in translations.csv; interpret using case context and authority controls.
translations.csv,status,string,5,5,Synthetic field `status` in translations.csv; interpret using case context and authority controls.
translations.csv,value,string,5,5,Synthetic field `value` in translations.csv; interpret using case context and authority controls.
translations.csv,source_system,string,5,5,Synthetic field `source_system` in translations.csv; interpret using case context and authority controls.
translations.csv,jurisdiction,string,5,5,Synthetic field `jurisdiction` in translations.csv; interpret using case context and authority controls.
translations.csv,notes,string,5,5,Synthetic field `notes` in translations.csv; interpret using case context and authority controls.
treaty_documents.csv,record_id,string,5,5,Synthetic field `record_id` in treaty_documents.csv; interpret using case context and authority controls.
treaty_documents.csv,entity_id,string,5,4,Synthetic field `entity_id` in treaty_documents.csv; interpret using case context and authority controls.
treaty_documents.csv,event_time,datetime_or_date,5,5,Synthetic field `event_time` in treaty_documents.csv; interpret using case context and authority controls.
treaty_documents.csv,status,string,5,5,Synthetic field `status` in treaty_documents.csv; interpret using case context and authority controls.
treaty_documents.csv,value,string,5,5,Synthetic field `value` in treaty_documents.csv; interpret using case context and authority controls.
treaty_documents.csv,source_system,string,5,5,Synthetic field `source_system` in treaty_documents.csv; interpret using case context and authority controls.
treaty_documents.csv,jurisdiction,string,5,5,Synthetic field `jurisdiction` in treaty_documents.csv; interpret using case context and authority controls.
treaty_documents.csv,notes,string,5,5,Synthetic field `notes` in treaty_documents.csv; interpret using case context and authority controls.
underwriting_decisions.csv,record_id,string,6,6,Synthetic field `record_id` in underwriting_decisions.csv; interpret using case context and authority controls.
underwriting_decisions.csv,entity_id,string,6,4,Synthetic field `entity_id` in underwriting_decisions.csv; interpret using case context and authority controls.
underwriting_decisions.csv,event_time,datetime_or_date,6,5,Synthetic field `event_time` in underwriting_decisions.csv; interpret using case context and authority controls.
underwriting_decisions.csv,status,string,6,5,Synthetic field `status` in underwriting_decisions.csv; interpret using case context and authority controls.
underwriting_decisions.csv,value,string,6,6,Synthetic field `value` in underwriting_decisions.csv; interpret using case context and authority controls.
underwriting_decisions.csv,source_system,string,6,5,Synthetic field `source_system` in underwriting_decisions.csv; interpret using case context and authority controls.
underwriting_decisions.csv,jurisdiction,string,6,5,Synthetic field `jurisdiction` in underwriting_decisions.csv; interpret using case context and authority controls.
underwriting_decisions.csv,notes,string,6,6,Synthetic field `notes` in underwriting_decisions.csv; interpret using case context and authority controls.
usability_findings.csv,record_id,string,6,6,Synthetic field `record_id` in usability_findings.csv; interpret using case context and authority controls.
usability_findings.csv,entity_id,string,6,4,Synthetic field `entity_id` in usability_findings.csv; interpret using case context and authority controls.
usability_findings.csv,event_time,datetime_or_date,6,5,Synthetic field `event_time` in usability_findings.csv; interpret using case context and authority controls.
usability_findings.csv,status,string,6,5,Synthetic field `status` in usability_findings.csv; interpret using case context and authority controls.
usability_findings.csv,value,string,6,6,Synthetic field `value` in usability_findings.csv; interpret using case context and authority controls.
usability_findings.csv,source_system,string,6,5,Synthetic field `source_system` in usability_findings.csv; interpret using case context and authority controls.
usability_findings.csv,jurisdiction,string,6,5,Synthetic field `jurisdiction` in usability_findings.csv; interpret using case context and authority controls.
usability_findings.csv,notes,string,6,6,Synthetic field `notes` in usability_findings.csv; interpret using case context and authority controls.
users.csv,record_id,string,4,4,Synthetic field `record_id` in users.csv; interpret using case context and authority controls.
users.csv,entity_id,string,4,4,Synthetic field `entity_id` in users.csv; interpret using case context and authority controls.
users.csv,event_time,datetime_or_date,4,4,Synthetic field `event_time` in users.csv; interpret using case context and authority controls.
users.csv,status,string,4,4,Synthetic field `status` in users.csv; interpret using case context and authority controls.
users.csv,value,string,4,4,Synthetic field `value` in users.csv; interpret using case context and authority controls.
users.csv,source_system,string,4,4,Synthetic field `source_system` in users.csv; interpret using case context and authority controls.
users.csv,jurisdiction,string,4,4,Synthetic field `jurisdiction` in users.csv; interpret using case context and authority controls.
users.csv,notes,string,4,4,Synthetic field `notes` in users.csv; interpret using case context and authority controls.
users_entitlements.csv,user_id,string,3,3,Synthetic field `user_id` in users_entitlements.csv; interpret using case context and authority controls.
users_entitlements.csv,role,string,3,3,Synthetic field `role` in users_entitlements.csv; interpret using case context and authority controls.
users_entitlements.csv,legal_entity,string,3,2,Synthetic field `legal_entity` in users_entitlements.csv; interpret using case context and authority controls.
users_entitlements.csv,scope,string,3,3,Synthetic field `scope` in users_entitlements.csv; interpret using case context and authority controls.
users_entitlements.csv,status,string,3,2,Synthetic field `status` in users_entitlements.csv; interpret using case context and authority controls.
users_entitlements.csv,revoked_at,datetime_or_date,1,1,Synthetic field `revoked_at` in users_entitlements.csv; interpret using case context and authority controls.
vehicle_master.csv,record_id,string,4,4,Synthetic field `record_id` in vehicle_master.csv; interpret using case context and authority controls.
vehicle_master.csv,entity_id,string,4,4,Synthetic field `entity_id` in vehicle_master.csv; interpret using case context and authority controls.
vehicle_master.csv,event_time,datetime_or_date,4,4,Synthetic field `event_time` in vehicle_master.csv; interpret using case context and authority controls.
vehicle_master.csv,status,string,4,4,Synthetic field `status` in vehicle_master.csv; interpret using case context and authority controls.
vehicle_master.csv,value,string,4,4,Synthetic field `value` in vehicle_master.csv; interpret using case context and authority controls.
vehicle_master.csv,source_system,string,4,4,Synthetic field `source_system` in vehicle_master.csv; interpret using case context and authority controls.
vehicle_master.csv,jurisdiction,string,4,4,Synthetic field `jurisdiction` in vehicle_master.csv; interpret using case context and authority controls.
vehicle_master.csv,notes,string,4,4,Synthetic field `notes` in vehicle_master.csv; interpret using case context and authority controls.
vehicle_telemetry.csv,record_id,string,5,5,Synthetic field `record_id` in vehicle_telemetry.csv; interpret using case context and authority controls.
vehicle_telemetry.csv,entity_id,string,5,4,Synthetic field `entity_id` in vehicle_telemetry.csv; interpret using case context and authority controls.
vehicle_telemetry.csv,event_time,datetime_or_date,5,5,Synthetic field `event_time` in vehicle_telemetry.csv; interpret using case context and authority controls.
vehicle_telemetry.csv,status,string,5,5,Synthetic field `status` in vehicle_telemetry.csv; interpret using case context and authority controls.
vehicle_telemetry.csv,value,string,5,5,Synthetic field `value` in vehicle_telemetry.csv; interpret using case context and authority controls.
vehicle_telemetry.csv,source_system,string,5,5,Synthetic field `source_system` in vehicle_telemetry.csv; interpret using case context and authority controls.
vehicle_telemetry.csv,jurisdiction,string,5,5,Synthetic field `jurisdiction` in vehicle_telemetry.csv; interpret using case context and authority controls.
vehicle_telemetry.csv,notes,string,5,5,Synthetic field `notes` in vehicle_telemetry.csv; interpret using case context and authority controls.
vendor_contracts.csv,record_id,string,6,6,Synthetic field `record_id` in vendor_contracts.csv; interpret using case context and authority controls.
vendor_contracts.csv,entity_id,string,6,4,Synthetic field `entity_id` in vendor_contracts.csv; interpret using case context and authority controls.
vendor_contracts.csv,event_time,datetime_or_date,6,5,Synthetic field `event_time` in vendor_contracts.csv; interpret using case context and authority controls.
vendor_contracts.csv,status,string,6,5,Synthetic field `status` in vendor_contracts.csv; interpret using case context and authority controls.
vendor_contracts.csv,value,string,6,6,Synthetic field `value` in vendor_contracts.csv; interpret using case context and authority controls.
vendor_contracts.csv,source_system,string,6,5,Synthetic field `source_system` in vendor_contracts.csv; interpret using case context and authority controls.
vendor_contracts.csv,jurisdiction,string,6,5,Synthetic field `jurisdiction` in vendor_contracts.csv; interpret using case context and authority controls.
vendor_contracts.csv,notes,string,6,6,Synthetic field `notes` in vendor_contracts.csv; interpret using case context and authority controls.
vendor_dependencies.csv,record_id,string,6,6,Synthetic field `record_id` in vendor_dependencies.csv; interpret using case context and authority controls.
vendor_dependencies.csv,entity_id,string,6,4,Synthetic field `entity_id` in vendor_dependencies.csv; interpret using case context and authority controls.
vendor_dependencies.csv,event_time,datetime_or_date,6,5,Synthetic field `event_time` in vendor_dependencies.csv; interpret using case context and authority controls.
vendor_dependencies.csv,status,string,6,5,Synthetic field `status` in vendor_dependencies.csv; interpret using case context and authority controls.
vendor_dependencies.csv,value,string,6,6,Synthetic field `value` in vendor_dependencies.csv; interpret using case context and authority controls.
vendor_dependencies.csv,source_system,string,6,5,Synthetic field `source_system` in vendor_dependencies.csv; interpret using case context and authority controls.
vendor_dependencies.csv,jurisdiction,string,6,5,Synthetic field `jurisdiction` in vendor_dependencies.csv; interpret using case context and authority controls.
vendor_dependencies.csv,notes,string,6,6,Synthetic field `notes` in vendor_dependencies.csv; interpret using case context and authority controls.
vendor_exit_assets.csv,record_id,string,5,5,Synthetic field `record_id` in vendor_exit_assets.csv; interpret using case context and authority controls.
vendor_exit_assets.csv,entity_id,string,5,4,Synthetic field `entity_id` in vendor_exit_assets.csv; interpret using case context and authority controls.
vendor_exit_assets.csv,event_time,datetime_or_date,5,5,Synthetic field `event_time` in vendor_exit_assets.csv; interpret using case context and authority controls.
vendor_exit_assets.csv,status,string,5,5,Synthetic field `status` in vendor_exit_assets.csv; interpret using case context and authority controls.
vendor_exit_assets.csv,value,string,5,5,Synthetic field `value` in vendor_exit_assets.csv; interpret using case context and authority controls.
vendor_exit_assets.csv,source_system,string,5,5,Synthetic field `source_system` in vendor_exit_assets.csv; interpret using case context and authority controls.
vendor_exit_assets.csv,jurisdiction,string,5,5,Synthetic field `jurisdiction` in vendor_exit_assets.csv; interpret using case context and authority controls.
vendor_exit_assets.csv,notes,string,5,5,Synthetic field `notes` in vendor_exit_assets.csv; interpret using case context and authority controls.
vendor_status.csv,record_id,string,5,5,Synthetic field `record_id` in vendor_status.csv; interpret using case context and authority controls.
vendor_status.csv,entity_id,string,5,4,Synthetic field `entity_id` in vendor_status.csv; interpret using case context and authority controls.
vendor_status.csv,event_time,datetime_or_date,5,5,Synthetic field `event_time` in vendor_status.csv; interpret using case context and authority controls.
vendor_status.csv,status,string,5,5,Synthetic field `status` in vendor_status.csv; interpret using case context and authority controls.
vendor_status.csv,value,string,5,5,Synthetic field `value` in vendor_status.csv; interpret using case context and authority controls.
vendor_status.csv,source_system,string,5,5,Synthetic field `source_system` in vendor_status.csv; interpret using case context and authority controls.
vendor_status.csv,jurisdiction,string,5,5,Synthetic field `jurisdiction` in vendor_status.csv; interpret using case context and authority controls.
vendor_status.csv,notes,string,5,5,Synthetic field `notes` in vendor_status.csv; interpret using case context and authority controls.
vendors.csv,record_id,string,4,4,Synthetic field `record_id` in vendors.csv; interpret using case context and authority controls.
vendors.csv,entity_id,string,4,4,Synthetic field `entity_id` in vendors.csv; interpret using case context and authority controls.
vendors.csv,event_time,datetime_or_date,4,4,Synthetic field `event_time` in vendors.csv; interpret using case context and authority controls.
vendors.csv,status,string,4,4,Synthetic field `status` in vendors.csv; interpret using case context and authority controls.
vendors.csv,value,string,4,4,Synthetic field `value` in vendors.csv; interpret using case context and authority controls.
vendors.csv,source_system,string,4,4,Synthetic field `source_system` in vendors.csv; interpret using case context and authority controls.
vendors.csv,jurisdiction,string,4,4,Synthetic field `jurisdiction` in vendors.csv; interpret using case context and authority controls.
vendors.csv,notes,string,4,4,Synthetic field `notes` in vendors.csv; interpret using case context and authority controls.
weather_observations.csv,record_id,string,5,5,Synthetic field `record_id` in weather_observations.csv; interpret using case context and authority controls.
weather_observations.csv,entity_id,string,5,4,Synthetic field `entity_id` in weather_observations.csv; interpret using case context and authority controls.
weather_observations.csv,event_time,datetime_or_date,5,5,Synthetic field `event_time` in weather_observations.csv; interpret using case context and authority controls.
weather_observations.csv,status,string,5,5,Synthetic field `status` in weather_observations.csv; interpret using case context and authority controls.
weather_observations.csv,value,string,5,5,Synthetic field `value` in weather_observations.csv; interpret using case context and authority controls.
weather_observations.csv,source_system,string,5,5,Synthetic field `source_system` in weather_observations.csv; interpret using case context and authority controls.
weather_observations.csv,jurisdiction,string,5,5,Synthetic field `jurisdiction` in weather_observations.csv; interpret using case context and authority controls.
weather_observations.csv,notes,string,5,5,Synthetic field `notes` in weather_observations.csv; interpret using case context and authority controls.
